fund_id,fund_name,ticker,canonical_name,country,sector,weight_pct,asset_name,isin_raw,isin_master
FND22677,MINT NEW ZEALAND SRI EQUITY FUND,FPH,Fisher & Paykel Healthcare,NZ,Healthcare,15.56,Fisher & Paykel Healthcare Ltd,,NZFAPE0001S2
FND22677,MINT NEW ZEALAND SRI EQUITY FUND,IFT,Infratil,NZ,Infrastructure,14.7,Infratil Ltd,,NZIFTE0003S3
FND22677,MINT NEW ZEALAND SRI EQUITY FUND,CEN,Contact Energy,NZ,Gentailers,8.36,Contact Energy Ltd,,NZCENE0001S6
FND22677,MINT NEW ZEALAND SRI EQUITY FUND,AIA,Auckland International Airport,NZ,Infrastructure,6.87,Auckland International Airport Ltd,,NZAIAE0002S6
FND22677,MINT NEW ZEALAND SRI EQUITY FUND,EBO,EBOS Group,NZ,Healthcare,6.69,Ebos Group Ltd,,NZEBOE0001S6
FND22677,MINT NEW ZEALAND SRI EQUITY FUND,SUM,Summerset Group,NZ,Retirement,6.61,Summerset Group Holdings Ltd,,NZSUME0001S0
FND22677,MINT NEW ZEALAND SRI EQUITY FUND,MEL,Meridian Energy,NZ,Gentailers,6.58,Meridian Energy Limited,,NZMELE0002S7
FND22677,MINT NEW ZEALAND SRI EQUITY FUND,MFT,Mainfreight,NZ,Industrials,6.29,Mainfreight Ltd,,NZMFTE0001S9
FND22677,MINT NEW ZEALAND SRI EQUITY FUND,ATM,a2 Milk Company,NZ,Consumer Staples,3.91,A2 Milk Company Ltd,,NZATME0002S8
FND22677,MINT NEW ZEALAND SRI EQUITY FUND,SPK,Spark New Zealand,NZ,Telco,3.57,Spark New Zealand Ltd,,NZTELE0001S4
FND22677,MINT NEW ZEALAND SRI EQUITY FUND,SKO,Serko,NZ,Technology,2.45,Serko Ltd,,NZSKOE0001S7
FND22677,MINT NEW ZEALAND SRI EQUITY FUND,TWR,Tower,NZ,Financials,2.37,Tower Ltd,,NZTWRE0011S2
FND22677,MINT NEW ZEALAND SRI EQUITY FUND,SKL,Skellerup Holdings,NZ,Industrials,2.3,Skellerup Holdings Ltd,,NZSKXE0001S8
FND22677,MINT NEW ZEALAND SRI EQUITY FUND,NPH,Napier Port Holdings,NZ,Infrastructure,2.2,Napier Port Holdings Ltd,,NZNPHE0005S2
FND22677,MINT NEW ZEALAND SRI EQUITY FUND,SCL,Scales Corp,NZ,Consumer Staples,2.14,Scales Corporation Limited,,NZSCLE0002S8
FND22677,MINT NEW ZEALAND SRI EQUITY FUND,FRW,Freightways Group,NZ,Industrials,1.7,Freightways Group Ltd,,NZFREE0001S0
FND22677,MINT NEW ZEALAND SRI EQUITY FUND,VSL,Vulcan Steel,AU,Industrials,1.17,VULCAN STEEL LIMITED,,AU0000181984
FND22677,MINT NEW ZEALAND SRI EQUITY FUND,VGL,Vista Group International,NZ,Technology,0.97,Vista Group International Ltd,,NZVGLE0003S1
FND22677,MINT NEW ZEALAND SRI EQUITY FUND,THL,Tourism Holdings,NZ,Consumer Discretionary,0.94,Tourism Holdings Ltd,,NZHELE0001S9
FND22677,MINT NEW ZEALAND SRI EQUITY FUND,FBU,Fletcher Building,NZ,Industrials,0.78,Fletcher Building Ltd,,NZFBUE0001S0
FND22677,MINT NEW ZEALAND SRI EQUITY FUND,SPG,Stride Property Group,NZ,Property,0.54,Stride Property Ltd and Stride Invest Mgmt Ltd,,NZSPGE0001S2
FND22677,MINT NEW ZEALAND SRI EQUITY FUND,RYM,Ryman Healthcare,NZ,Retirement,0.18,Ryman Healthcare Ltd,,NZRYME0001S4
FND901,CLARITY TRANS-TASMAN VALUE FUND,BHP,BHP Group,AU,Materials,6.78,BHP Group Ltd,,AU000000BHP4
FND901,CLARITY TRANS-TASMAN VALUE FUND,NAB,National Australia Bank,AU,Financials,5.21,National Australia Bank Ltd,,AU000000NAB4
FND901,CLARITY TRANS-TASMAN VALUE FUND,ANZ,ANZ Group Holdings,AU,Financials,4.88,ANZ Group Holdings Ltd,,AU000000ANZ3
FND901,CLARITY TRANS-TASMAN VALUE FUND,IFT,Infratil,NZ,Infrastructure,4.19,Infratil Ltd,,NZIFTE0003S3
FND901,CLARITY TRANS-TASMAN VALUE FUND,MEL,Meridian Energy,NZ,Gentailers,3.84,Meridian Energy Limited,,NZMELE0002S7
FND901,CLARITY TRANS-TASMAN VALUE FUND,SPK,Spark New Zealand,NZ,Telco,3.28,Spark New Zealand Ltd,,NZTELE0001S4
FND901,CLARITY TRANS-TASMAN VALUE FUND,EBO,EBOS Group,NZ,Healthcare,2.89,Ebos Group Ltd,,NZEBOE0001S6
FND901,CLARITY TRANS-TASMAN VALUE FUND,CSL,CSL,AU,Healthcare,2.78,CSL Limited,,AU000000CSL8
FND901,CLARITY TRANS-TASMAN VALUE FUND,SKT,Sky Network Television,NZ,Communications,2.6,Sky Network Television Ltd,,NZSKTE0001S6
FND901,CLARITY TRANS-TASMAN VALUE FUND,TWR,Tower,NZ,Financials,2.35,Tower Ltd,,NZTWRE0011S2
FND901,CLARITY TRANS-TASMAN VALUE FUND,ATM,a2 Milk Company,NZ,Consumer Staples,2.33,A2 Milk Company Ltd,,NZATME0002S8
FND901,CLARITY TRANS-TASMAN VALUE FUND,GNE,Genesis Energy,NZ,Gentailers,2.21,Genesis Energy Ltd,,NZGNEE0001S7
FND901,CLARITY TRANS-TASMAN VALUE FUND,GMG,Goodman Group,AU,Property,2.13,Goodman Group,,AU000000GMG2
FND901,CLARITY TRANS-TASMAN VALUE FUND,ARG,Argosy Property,NZ,Property,2.09,Argosy Property Trust,,NZARGE0010S7
FND901,CLARITY TRANS-TASMAN VALUE FUND,CEN,Contact Energy,NZ,Gentailers,2.02,Contact Energy Ltd,,NZCENE0001S6
FND901,CLARITY TRANS-TASMAN VALUE FUND,FRW,Freightways Group,NZ,Industrials,1.82,Freightways Group Ltd,,NZFREE0001S0
FND901,CLARITY TRANS-TASMAN VALUE FUND,MCY,Mercury NZ,NZ,Gentailers,1.78,Mercury NZ Limited,,NZMRPE0001S2
FND901,CLARITY TRANS-TASMAN VALUE FUND,PCT,Precinct Properties,NZ,Property,1.78,Precinct Properties NZ Ltd,,NZAPTE0001S3
FND901,CLARITY TRANS-TASMAN VALUE FUND,AMC,Amcor PLC,AU,Materials,1.62,Amcor Ltd,,JE00BJ1F3079
FND901,CLARITY TRANS-TASMAN VALUE FUND,MQG,Macquarie Group,AU,Financials,1.57,Macquarie Group Ltd,,AU000000MQG1
FND901,CLARITY TRANS-TASMAN VALUE FUND,RYM,Ryman Healthcare,NZ,Retirement,1.54,Ryman Healthcare Ltd,,NZRYME0001S4
FND901,CLARITY TRANS-TASMAN VALUE FUND,RHC,Ramsay Health Care,AU,Healthcare,1.53,Ramsay Health Care Ltd,,AU000000RHC8
FND901,CLARITY TRANS-TASMAN VALUE FUND,SCL,Scales Corp,NZ,Consumer Staples,1.53,Scales Corporation Limited,,NZSCLE0002S8
FND901,CLARITY TRANS-TASMAN VALUE FUND,CHI,Channel Infrastructure,NZ,Infrastructure,1.49,Channel Infrastructure NZ Limited,,NZNZRE0001S9
FND901,CLARITY TRANS-TASMAN VALUE FUND,SUM,Summerset Group,NZ,Retirement,1.47,Summerset Group Holdings Ltd,,NZSUME0001S0
FND901,CLARITY TRANS-TASMAN VALUE FUND,VHP,Vital Healthcare Property Trust,NZ,Property,1.46,Vital Healthcare Property Trust,,NZCHPE0001S4
FND901,CLARITY TRANS-TASMAN VALUE FUND,FBU,Fletcher Building,NZ,Industrials,1.41,Fletcher Building Ltd,,NZFBUE0001S0
FND901,CLARITY TRANS-TASMAN VALUE FUND,RMD,ResMed,AU,Healthcare,1.39,Resmed Inc,,US7611521078
FND901,CLARITY TRANS-TASMAN VALUE FUND,MFT,Mainfreight,NZ,Industrials,1.36,Mainfreight Ltd,,NZMFTE0001S9
FND901,CLARITY TRANS-TASMAN VALUE FUND,POT,Port of Tauranga,NZ,Infrastructure,1.28,Port of Tauranga Ltd,,NZPOTE0003S0
FND901,CLARITY TRANS-TASMAN VALUE FUND,STO,Santos,AU,Energy,1.27,Santos Ltd,,AU000000STO6
FND901,CLARITY TRANS-TASMAN VALUE FUND,CNU,Chorus,NZ,Telco,1.24,Chorus Ltd,,NZCNUE0001S2
FND901,CLARITY TRANS-TASMAN VALUE FUND,WES,Wesfarmers,AU,Consumer Discretionary,1.18,Wesfarmers Limited,,AU000000WES1
FND901,CLARITY TRANS-TASMAN VALUE FUND,KPG,Kiwi Property Group,NZ,Property,1.09,Kiwi Property Group Ltd,,NZKPGE0001S9
FND901,CLARITY TRANS-TASMAN VALUE FUND,FPH,Fisher & Paykel Healthcare,NZ,Healthcare,1.07,Fisher & Paykel Healthcare Ltd,,NZFAPE0001S2
FND901,CLARITY TRANS-TASMAN VALUE FUND,TLS,Telstra Group,AU,Telco,0.98,Telstra Corp Ltd,,AU000000TLS2
FND901,CLARITY TRANS-TASMAN VALUE FUND,VGL,Vista Group International,NZ,Technology,0.96,Vista Group International Ltd,,NZVGLE0003S1
FND901,CLARITY TRANS-TASMAN VALUE FUND,AIA,Auckland International Airport,NZ,Infrastructure,0.91,Auckland International Airport Ltd,,NZAIAE0002S6
FND901,CLARITY TRANS-TASMAN VALUE FUND,NEM,Newmont,AU,Materials,0.75,NEWMONT CORP-CDI,,US6516391066
FND901,CLARITY TRANS-TASMAN VALUE FUND,NST,Northern Star Resources,AU,Materials,0.74,Northern Star Resources Ltd,,AU000000NST8
FND901,CLARITY TRANS-TASMAN VALUE FUND,WDS,Woodside Energy Group,AU,Energy,0.67,Woodside Energy Group Ltd,,AU0000024137
FND901,CLARITY TRANS-TASMAN VALUE FUND,PDN,Paladin Energy,AU,Energy,0.5,Paladin Energy Ltd,,AU000000PDN8
FND901,CLARITY TRANS-TASMAN VALUE FUND,SAN,Sanford,NZ,Consumer Staples,0.39,Sanford Ltd,,NZSANE0001S0
FND16067,CLARITY NEW ZEALAND EQUITY FUND,FPH,Fisher & Paykel Healthcare,NZ,Healthcare,13.57,Fisher & Paykel Healthcare Ltd,,NZFAPE0001S2
FND16067,CLARITY NEW ZEALAND EQUITY FUND,IFT,Infratil,NZ,Infrastructure,9.92,Infratil Ltd,,NZIFTE0003S3
FND16067,CLARITY NEW ZEALAND EQUITY FUND,AIA,Auckland International Airport,NZ,Infrastructure,8.0,Auckland International Airport Ltd,,NZAIAE0002S6
FND16067,CLARITY NEW ZEALAND EQUITY FUND,MEL,Meridian Energy,NZ,Gentailers,6.6,Meridian Energy Limited,,NZMELE0002S7
FND16067,CLARITY NEW ZEALAND EQUITY FUND,EBO,EBOS Group,NZ,Healthcare,5.3,Ebos Group Ltd,,NZEBOE0001S6
FND16067,CLARITY NEW ZEALAND EQUITY FUND,CEN,Contact Energy,NZ,Gentailers,5.1,Contact Energy Ltd,,NZCENE0001S6
FND16067,CLARITY NEW ZEALAND EQUITY FUND,ATM,a2 Milk Company,NZ,Consumer Staples,5.02,A2 Milk Company Ltd,,NZATME0002S8
FND16067,CLARITY NEW ZEALAND EQUITY FUND,SPK,Spark New Zealand,NZ,Telco,3.69,Spark New Zealand Ltd,,NZTELE0001S4
FND16067,CLARITY NEW ZEALAND EQUITY FUND,MFT,Mainfreight,NZ,Industrials,2.98,Mainfreight Ltd,,NZMFTE0001S9
FND16067,CLARITY NEW ZEALAND EQUITY FUND,SKT,Sky Network Television,NZ,Communications,2.42,Sky Network Television Ltd,,NZSKTE0001S6
FND16067,CLARITY NEW ZEALAND EQUITY FUND,TWR,Tower,NZ,Financials,2.29,Tower Ltd,,NZTWRE0011S2
FND16067,CLARITY NEW ZEALAND EQUITY FUND,FRW,Freightways Group,NZ,Industrials,2.24,Freightways Group Ltd,,NZFREE0001S0
FND16067,CLARITY NEW ZEALAND EQUITY FUND,MCY,Mercury NZ,NZ,Gentailers,2.22,Mercury NZ Limited,,NZMRPE0001S2
FND16067,CLARITY NEW ZEALAND EQUITY FUND,ARG,Argosy Property,NZ,Property,2.15,Argosy Property Trust,,NZARGE0010S7
FND16067,CLARITY NEW ZEALAND EQUITY FUND,PCT,Precinct Properties,NZ,Property,2.04,Precinct Properties NZ Ltd,,NZAPTE0001S3
FND16067,CLARITY NEW ZEALAND EQUITY FUND,RYM,Ryman Healthcare,NZ,Retirement,2.01,Ryman Healthcare Ltd,,NZRYME0001S4
FND16067,CLARITY NEW ZEALAND EQUITY FUND,FBU,Fletcher Building,NZ,Industrials,1.93,Fletcher Building Ltd,,NZFBUE0001S0
FND16067,CLARITY NEW ZEALAND EQUITY FUND,SUM,Summerset Group,NZ,Retirement,1.89,Summerset Group Holdings Ltd,,NZSUME0001S0
FND16067,CLARITY NEW ZEALAND EQUITY FUND,POT,Port of Tauranga,NZ,Infrastructure,1.71,Port of Tauranga Ltd,,NZPOTE0003S0
FND16067,CLARITY NEW ZEALAND EQUITY FUND,SCL,Scales Corp,NZ,Consumer Staples,1.69,Scales Corporation Limited,,NZSCLE0002S8
FND16067,CLARITY NEW ZEALAND EQUITY FUND,VHP,Vital Healthcare Property Trust,NZ,Property,1.65,Vital Healthcare Property Trust,,NZCHPE0001S4
FND16067,CLARITY NEW ZEALAND EQUITY FUND,CHI,Channel Infrastructure,NZ,Infrastructure,1.57,Channel Infrastructure NZ Limited,,NZNZRE0001S9
FND16067,CLARITY NEW ZEALAND EQUITY FUND,CNU,Chorus,NZ,Telco,1.49,Chorus Ltd,,NZCNUE0001S2
FND16067,CLARITY NEW ZEALAND EQUITY FUND,KPG,Kiwi Property Group,NZ,Property,1.32,Kiwi Property Group Ltd,,NZKPGE0001S9
FND16067,CLARITY NEW ZEALAND EQUITY FUND,GNE,Genesis Energy,NZ,Gentailers,1.25,Genesis Energy Ltd,,NZGNEE0001S7
FND16067,CLARITY NEW ZEALAND EQUITY FUND,VGL,Vista Group International,NZ,Technology,0.95,Vista Group International Ltd,,NZVGLE0003S1
FND16067,CLARITY NEW ZEALAND EQUITY FUND,SAN,Sanford,NZ,Consumer Staples,0.81,Sanford Ltd,,NZSANE0001S0
FND16067,CLARITY NEW ZEALAND EQUITY FUND,NPH,Napier Port Holdings,NZ,Infrastructure,0.65,Napier Port Holdings Ltd,,NZNPHE0005S2
FND20455,SALT CORE NZ SHARES FUND,FPH,Fisher & Paykel Healthcare,NZ,Healthcare,15.96,Fisher & Paykel Healthcare Ltd,,NZFAPE0001S2
FND20455,SALT CORE NZ SHARES FUND,IFT,Infratil,NZ,Infrastructure,9.69,Infratil Ltd,,NZIFTE0003S3
FND20455,SALT CORE NZ SHARES FUND,AIA,Auckland International Airport,NZ,Infrastructure,9.42,Auckland International Airport Ltd,,NZAIAE0002S6
FND20455,SALT CORE NZ SHARES FUND,CEN,Contact Energy,NZ,Gentailers,6.12,Contact Energy Ltd,,NZCENE0001S6
FND20455,SALT CORE NZ SHARES FUND,EBO,EBOS Group,NZ,Healthcare,5.75,Ebos Group Ltd,,NZEBOE0001S6
FND20455,SALT CORE NZ SHARES FUND,MCY,Mercury NZ,NZ,Gentailers,4.64,Mercury NZ Limited,,NZMRPE0001S2
FND20455,SALT CORE NZ SHARES FUND,ATM,a2 Milk Company,NZ,Consumer Staples,4.05,A2 Milk Company Ltd,,NZATME0002S8
FND20455,SALT CORE NZ SHARES FUND,MEL,Meridian Energy,NZ,Gentailers,3.88,Meridian Energy Limited,,NZMELE0002S7
FND20455,SALT CORE NZ SHARES FUND,MFT,Mainfreight,NZ,Industrials,3.85,Mainfreight Ltd,,NZMFTE0001S9
FND20455,SALT CORE NZ SHARES FUND,FRW,Freightways Group,NZ,Industrials,3.17,Freightways Group Ltd,,NZFREE0001S0
FND20455,SALT CORE NZ SHARES FUND,FBU,Fletcher Building,NZ,Industrials,2.65,Fletcher Building Ltd,,NZFBUE0001S0
FND20455,SALT CORE NZ SHARES FUND,SPK,Spark New Zealand,NZ,Telco,2.51,Spark New Zealand Ltd,,NZTELE0001S4
FND20455,SALT CORE NZ SHARES FUND,POT,Port of Tauranga,NZ,Infrastructure,2.41,Port of Tauranga Ltd,,NZPOTE0003S0
FND20455,SALT CORE NZ SHARES FUND,GMT,Goodman Property Trust,NZ,Property,2.18,Goodman Property Trust,,NZCPTE0001S9
FND20455,SALT CORE NZ SHARES FUND,ANZ,ANZ Group Holdings,AU,Financials,1.93,ANZ Group Holdings Ltd,,AU000000ANZ3
FND20455,SALT CORE NZ SHARES FUND,CNU,Chorus,NZ,Telco,1.79,Chorus Ltd,,NZCNUE0001S2
FND20455,SALT CORE NZ SHARES FUND,HGH,Heartland Group Holdings,NZ,Financials,1.73,Heartland Group Holdings Ltd,,NZHGHE0007S9
FND20455,SALT CORE NZ SHARES FUND,TWR,Tower,NZ,Financials,1.67,Tower Ltd,,NZTWRE0011S2
FND20455,SALT CORE NZ SHARES FUND,RYM,Ryman Healthcare,NZ,Retirement,1.5,Ryman Healthcare Ltd,,NZRYME0001S4
FND20455,SALT CORE NZ SHARES FUND,GNE,Genesis Energy,NZ,Gentailers,1.42,Genesis Energy Ltd,,NZGNEE0001S7
FND20455,SALT CORE NZ SHARES FUND,SUM,Summerset Group,NZ,Retirement,1.31,Summerset Group Holdings Ltd,,NZSUME0001S0
FND20455,SALT CORE NZ SHARES FUND,ARG,Argosy Property,NZ,Property,1.21,Argosy Property Trust,,NZARGE0010S7
FND20455,SALT CORE NZ SHARES FUND,GTK,Gentrack Group,NZ,Technology,1.02,Gentrack Group Ltd,,NZGTKE0002S9
FND20455,SALT CORE NZ SHARES FUND,TRA,Turners Automotive Group,NZ,Consumer Discretionary,0.96,Turners Automotive Group Ltd,,NZVNLE0001S1
FND20455,SALT CORE NZ SHARES FUND,PCT,Precinct Properties,NZ,Property,0.9,Precinct Properties NZ Ltd,,NZAPTE0001S3
FND20455,SALT CORE NZ SHARES FUND,SPG,Stride Property Group,NZ,Property,0.81,Stride Property Ltd and Stride Invest Mgmt Ltd,,NZSPGE0001S2
FND20455,SALT CORE NZ SHARES FUND,VCT,Vector,NZ,Infrastructure,0.81,Vector Ltd,,NZVCTE0001S7
FND20455,SALT CORE NZ SHARES FUND,VHP,Vital Healthcare Property Trust,NZ,Property,0.77,Vital Healthcare Property Trust,,NZCHPE0001S4
FND20455,SALT CORE NZ SHARES FUND,VGL,Vista Group International,NZ,Technology,0.65,Vista Group International Ltd,,NZVGLE0003S1
FND20455,SALT CORE NZ SHARES FUND,CSL,CSL,AU,Healthcare,0.55,CSL Limited,,AU000000CSL8
FND20455,SALT CORE NZ SHARES FUND,ORI,Orica,AU,Materials,0.38,Orica Ltd,,AU000000ORI1
FND20455,SALT CORE NZ SHARES FUND,RMD,ResMed,AU,Healthcare,0.34,Resmed Inc,,US7611521078
FND20455,SALT CORE NZ SHARES FUND,PEB,Pacific Edge,NZ,Healthcare,0.33,Pacific Edge Ltd,,NZPEBE0001S5
FND20455,SALT CORE NZ SHARES FUND,PFI,Property for Industry,NZ,Property,0.31,Property for Industry Ltd,,NZPFIE0001S5
FND20455,SALT CORE NZ SHARES FUND,IPL,Investore Property,NZ,Property,0.29,Investore Property Limited,,NZIPLE0001S3
FND20455,SALT CORE NZ SHARES FUND,KPG,Kiwi Property Group,NZ,Property,0.14,Kiwi Property Group Ltd,,NZKPGE0001S9
FND1421,HARBOUR AUSTRALASIAN EQUITY FUND,FPH,Fisher & Paykel Healthcare,NZ,Healthcare,15.43,Fisher & Paykel Healthcare,,NZFAPE0001S2
FND1421,HARBOUR AUSTRALASIAN EQUITY FUND,IFT,Infratil,NZ,Infrastructure,9.46,Infratil,,NZIFTE0003S3
FND1421,HARBOUR AUSTRALASIAN EQUITY FUND,MFT,Mainfreight,NZ,Industrials,7.07,Mainfreight,,NZMFTE0001S9
FND1421,HARBOUR AUSTRALASIAN EQUITY FUND,EBO,EBOS Group,NZ,Healthcare,6.15,EBOS Group,,NZEBOE0001S6
FND1421,HARBOUR AUSTRALASIAN EQUITY FUND,AIA,Auckland International Airport,NZ,Infrastructure,6.09,Auckland International Airport,,NZAIAE0002S6
FND1421,HARBOUR AUSTRALASIAN EQUITY FUND,ATM,a2 Milk Company,NZ,Consumer Staples,5.72,a2 Milk Company,,NZATME0002S8
FND1421,HARBOUR AUSTRALASIAN EQUITY FUND,SUM,Summerset Group,NZ,Retirement,5.12,Summerset Group,,NZSUME0001S0
FND1421,HARBOUR AUSTRALASIAN EQUITY FUND,CEN,Contact Energy,NZ,Gentailers,4.79,Contact Energy,,NZCENE0001S6
FND1421,HARBOUR AUSTRALASIAN EQUITY FUND,RYM,Ryman Healthcare,NZ,Retirement,4.03,Ryman Healthcare,,NZRYME0001S4
FND1421,HARBOUR AUSTRALASIAN EQUITY FUND,XRO,Xero,NZ,Technology,2.57,Xero,,NZXROE0001S6
FND1421,HARBOUR AUSTRALASIAN EQUITY FUND,SCL,Scales Corp,NZ,Consumer Staples,2.54,Scales NZ,,NZSCLE0002S8
FND1421,HARBOUR AUSTRALASIAN EQUITY FUND,CSL,CSL,AU,Healthcare,2.49,CSL,,AU000000CSL8
FND1421,HARBOUR AUSTRALASIAN EQUITY FUND,PCT,Precinct Properties,NZ,Property,2.22,Precinct Properties Group,,NZAPTE0001S3
FND1421,HARBOUR AUSTRALASIAN EQUITY FUND,MEL,Meridian Energy,NZ,Gentailers,1.92,Meridian Energy,,NZMELE0002S7
FND1421,HARBOUR AUSTRALASIAN EQUITY FUND,FBU,Fletcher Building,NZ,Industrials,1.82,Fletcher Building,,NZFBUE0001S0
FND1421,HARBOUR AUSTRALASIAN EQUITY FUND,BHP,BHP Group,AU,Materials,1.56,BHP Group,,AU000000BHP4
FND1421,HARBOUR AUSTRALASIAN EQUITY FUND,FRW,Freightways Group,NZ,Industrials,1.43,Freightways Group,,NZFREE0001S0
FND1421,HARBOUR AUSTRALASIAN EQUITY FUND,SKO,Serko,NZ,Technology,1.43,Serko,,NZSKOE0001S7
FND1421,HARBOUR AUSTRALASIAN EQUITY FUND,RIO,Rio Tinto,AU,Materials,1.12,Rio Tinto,,AU000000RIO1
FND1421,HARBOUR AUSTRALASIAN EQUITY FUND,GTK,Gentrack Group,NZ,Technology,1.06,Gentrack Group,,NZGTKE0002S9
FND1421,HARBOUR AUSTRALASIAN EQUITY FUND,PEB,Pacific Edge,NZ,Healthcare,0.95,Pacific Edge,,NZPEBE0001S5
FND1421,HARBOUR AUSTRALASIAN EQUITY FUND,VGL,Vista Group International,NZ,Technology,0.88,Vista Group International,,NZVGLE0003S1
FND1421,HARBOUR AUSTRALASIAN EQUITY FUND,GMG,Goodman Group,AU,Property,0.87,Goodman Group,,AU000000GMG2
FND1421,HARBOUR AUSTRALASIAN EQUITY FUND,RMD,ResMed,AU,Healthcare,0.83,ResMed,,US7611521078
FND1421,HARBOUR AUSTRALASIAN EQUITY FUND,MCY,Mercury NZ,NZ,Gentailers,0.76,Mercury NZ,,NZMRPE0001S2
FND1421,HARBOUR AUSTRALASIAN EQUITY FUND,VSL,Vulcan Steel,AU,Industrials,0.4,Vulcan Steel,,AU0000181984
FND1421,HARBOUR AUSTRALASIAN EQUITY FUND,VHP,Vital Healthcare Property Trust,NZ,Property,0.38,Vital Healthcare Property Trust,,NZCHPE0001S4
FND1421,HARBOUR AUSTRALASIAN EQUITY FUND,KMD,KMD Brands,NZ,Consumer Discretionary,0.31,KMD Brands,,NZKMDE0001S3
FND1240,FISHER FUNDS PREMIUM NEW ZEALAND FUND,FPH,Fisher & Paykel Healthcare,NZ,Healthcare,19.02,Fisher & Paykel Healthcare Corp Ltd,,NZFAPE0001S2
FND1240,FISHER FUNDS PREMIUM NEW ZEALAND FUND,IFT,Infratil,NZ,Infrastructure,11.8,Infratil Limited,,NZIFTE0003S3
FND1240,FISHER FUNDS PREMIUM NEW ZEALAND FUND,MFT,Mainfreight,NZ,Industrials,9.37,Mainfreight Limited,,NZMFTE0001S9
FND1240,FISHER FUNDS PREMIUM NEW ZEALAND FUND,XRO,Xero,NZ,Technology,7.94,Xero Limited,,NZXROE0001S6
FND1240,FISHER FUNDS PREMIUM NEW ZEALAND FUND,SUM,Summerset Group,NZ,Retirement,7.76,Summerset Group Ltd,,NZSUME0001S0
FND1240,FISHER FUNDS PREMIUM NEW ZEALAND FUND,AIA,Auckland International Airport,NZ,Infrastructure,7.03,Auckland International Airport Limited,,NZAIAE0002S6
FND1240,FISHER FUNDS PREMIUM NEW ZEALAND FUND,EBO,EBOS Group,NZ,Healthcare,6.72,EBOS Group Limited Ordinary Shares,,NZEBOE0001S6
FND1240,FISHER FUNDS PREMIUM NEW ZEALAND FUND,VGL,Vista Group International,NZ,Technology,4.83,Vista Group International Limited,,NZVGLE0003S1
FND1240,FISHER FUNDS PREMIUM NEW ZEALAND FUND,CEN,Contact Energy,NZ,Gentailers,3.34,Contact Energy Limited,,NZCENE0001S6
FND1240,FISHER FUNDS PREMIUM NEW ZEALAND FUND,MCY,Mercury NZ,NZ,Gentailers,3.13,Mercury NZ Limited,,NZMRPE0001S2
FND1240,FISHER FUNDS PREMIUM NEW ZEALAND FUND,ATM,a2 Milk Company,NZ,Consumer Staples,3.11,The A2 Milk Company Limited,,NZATME0002S8
FND1240,FISHER FUNDS PREMIUM NEW ZEALAND FUND,MEL,Meridian Energy,NZ,Gentailers,2.96,Meridian Energy Limited,,NZMELE0002S7
FND1240,FISHER FUNDS PREMIUM NEW ZEALAND FUND,POT,Port of Tauranga,NZ,Infrastructure,2.9,Port of Tauranga,,NZPOTE0003S0
FND1240,FISHER FUNDS PREMIUM NEW ZEALAND FUND,FRW,Freightways Group,NZ,Industrials,2.79,Freightways Group Limited,,NZFREE0001S0
FND1240,FISHER FUNDS PREMIUM NEW ZEALAND FUND,SKO,Serko,NZ,Technology,1.74,Serko Limited,,NZSKOE0001S7
FND1240,FISHER FUNDS PREMIUM NEW ZEALAND FUND,VSL,Vulcan Steel,AU,Industrials,1.63,Vulcan Steel Limited,,AU0000181984
FND1240,FISHER FUNDS PREMIUM NEW ZEALAND FUND,DGL,Delegat Group,NZ,Consumer Staples,0.97,Delegat Group Limited,,NZDGLE0001S0
FND44367,GENERATE AUSTRALASIAN MANAGED FUND,FPH,Fisher & Paykel Healthcare,NZ,Healthcare,9.65,Fisher & Paykel Healthcare Ltd,,NZFAPE0001S2
FND44367,GENERATE AUSTRALASIAN MANAGED FUND,IFT,Infratil,NZ,Infrastructure,8.84,Infratil Ltd,,NZIFTE0003S3
FND44367,GENERATE AUSTRALASIAN MANAGED FUND,CEN,Contact Energy,NZ,Gentailers,6.39,Contact Energy Ltd,,NZCENE0001S6
FND44367,GENERATE AUSTRALASIAN MANAGED FUND,GMG,Goodman Group,AU,Property,4.93,Goodman Group,,AU000000GMG2
FND44367,GENERATE AUSTRALASIAN MANAGED FUND,AIA,Auckland International Airport,NZ,Infrastructure,4.32,Auckland International Airport Ltd,,NZAIAE0002S6
FND44367,GENERATE AUSTRALASIAN MANAGED FUND,SPK,Spark New Zealand,NZ,Telco,4.11,Spark New Zealand Ltd,,NZTELE0001S4
FND44367,GENERATE AUSTRALASIAN MANAGED FUND,MEL,Meridian Energy,NZ,Gentailers,3.42,Meridian Energy Ltd,,NZMELE0002S7
FND44367,GENERATE AUSTRALASIAN MANAGED FUND,CNU,Chorus,NZ,Telco,3.39,Chorus Ltd,,NZCNUE0001S2
FND44367,GENERATE AUSTRALASIAN MANAGED FUND,VCT,Vector,NZ,Infrastructure,2.86,Vector Ltd,,NZVCTE0001S7
FND44367,GENERATE AUSTRALASIAN MANAGED FUND,EBO,EBOS Group,NZ,Healthcare,2.86,Ebos Group Ltd,,NZEBOE0001S6
FND44367,GENERATE AUSTRALASIAN MANAGED FUND,MFT,Mainfreight,NZ,Industrials,2.73,Mainfreight Ltd,,NZMFTE0001S9
FND44367,GENERATE AUSTRALASIAN MANAGED FUND,CBA,Commonwealth Bank of Australia,AU,Financials,2.67,Commonwealth Bank of Australia,,AU000000CBA7
FND44367,GENERATE AUSTRALASIAN MANAGED FUND,ATM,a2 Milk Company,NZ,Consumer Staples,2.57,A2 Milk Company Ltd,,NZATME0002S8
FND44367,GENERATE AUSTRALASIAN MANAGED FUND,WBC,Westpac Banking Corp,AU,Financials,2.26,Westpac Banking Corp,,AU000000WBC1
FND44367,GENERATE AUSTRALASIAN MANAGED FUND,MCY,Mercury NZ,NZ,Gentailers,2.21,Mercury NZ Ltd,,NZMRPE0001S2
FND44367,GENERATE AUSTRALASIAN MANAGED FUND,SUM,Summerset Group,NZ,Retirement,2.08,Summerset Group Holdings Ltd,,NZSUME0001S0
FND44367,GENERATE AUSTRALASIAN MANAGED FUND,FRW,Freightways Group,NZ,Industrials,1.88,Freightways Ltd,,NZFREE0001S0
FND44367,GENERATE AUSTRALASIAN MANAGED FUND,SCG,Scentre Group,AU,Property,1.78,Scentre Group,,AU000000SCG8
FND44367,GENERATE AUSTRALASIAN MANAGED FUND,NAB,National Australia Bank,AU,Financials,1.35,National Australia Bank Ltd,,AU000000NAB4
FND44367,GENERATE AUSTRALASIAN MANAGED FUND,GMT,Goodman Property Trust,NZ,Property,1.31,Goodman Property Trust,,NZCPTE0001S9
FND44367,GENERATE AUSTRALASIAN MANAGED FUND,FBU,Fletcher Building,NZ,Industrials,1.27,Fletcher Building Ltd,,NZFBUE0001S0
FND44367,GENERATE AUSTRALASIAN MANAGED FUND,PCT,Precinct Properties,NZ,Property,1.22,Precinct Properties NZ Ltd,,NZAPTE0001S3
FND44367,GENERATE AUSTRALASIAN MANAGED FUND,POT,Port of Tauranga,NZ,Infrastructure,1.16,Port of Tauranga Ltd,,NZPOTE0003S0
FND44367,GENERATE AUSTRALASIAN MANAGED FUND,COL,Coles Group,AU,Consumer Staples,1.14,Coles Group Ltd,,AU0000030678
FND44367,GENERATE AUSTRALASIAN MANAGED FUND,WES,Wesfarmers,AU,Consumer Discretionary,1.1,Wesfarmers Limited,,AU000000WES1
FND44367,GENERATE AUSTRALASIAN MANAGED FUND,CSL,CSL,AU,Healthcare,1.06,CSL Limited,,AU000000CSL8
FND44367,GENERATE AUSTRALASIAN MANAGED FUND,RYM,Ryman Healthcare,NZ,Retirement,0.95,Ryman Healthcare Ltd,,NZRYME0001S4
FND44367,GENERATE AUSTRALASIAN MANAGED FUND,SPG,Stride Property Group,NZ,Property,0.88,Stride Property Ltd and Stride Invest Mgmt Ltd,,NZSPGE0001S2
FND44367,GENERATE AUSTRALASIAN MANAGED FUND,ORG,Origin Energy,AU,Energy,0.81,Origin Energy Limited,,AU000000ORG5
FND44367,GENERATE AUSTRALASIAN MANAGED FUND,KPG,Kiwi Property Group,NZ,Property,0.81,Kiwi Property Group Ltd,,NZKPGE0001S9
FND44367,GENERATE AUSTRALASIAN MANAGED FUND,WOW,Woolworths Group,AU,Consumer Staples,0.75,Woolworths Ltd,,AU000000WOW2
FND44367,GENERATE AUSTRALASIAN MANAGED FUND,TLS,Telstra Group,AU,Telco,0.74,Telstra Corp Ltd,,AU000000TLS2
FND44367,GENERATE AUSTRALASIAN MANAGED FUND,PFI,Property for Industry,NZ,Property,0.68,Property for Industry Ltd,,NZPFIE0001S5
FND44367,GENERATE AUSTRALASIAN MANAGED FUND,OCA,Oceania Healthcare,NZ,Retirement,0.58,Oceania Healthcare Ltd,,NZOCAE0002S0
FND44367,GENERATE AUSTRALASIAN MANAGED FUND,IPL,Investore Property,NZ,Property,0.58,Investore Property Ltd,,NZIPLE0001S3
FND44367,GENERATE AUSTRALASIAN MANAGED FUND,CPU,Computershare,AU,Technology,0.44,Computershare Limited,,AU000000CPU5
FND44367,GENERATE AUSTRALASIAN MANAGED FUND,CAR,CAR Group,AU,Communications,0.35,Skyline Healthcare Group,,AU000000CAR4
FND806,NEW ZEALAND EQUITIES FUND (OCTAGON),FPH,Fisher & Paykel Healthcare,NZ,Healthcare,13.88,Fisher & Paykel Healthcare Corporation Limited,,NZFAPE0001S2
FND806,NEW ZEALAND EQUITIES FUND (OCTAGON),IFT,Infratil,NZ,Infrastructure,7.77,Infratil Limited,,NZIFTE0003S3
FND806,NEW ZEALAND EQUITIES FUND (OCTAGON),AIA,Auckland International Airport,NZ,Infrastructure,7.37,Auckland International Airport Limited,,NZAIAE0002S6
FND806,NEW ZEALAND EQUITIES FUND (OCTAGON),CEN,Contact Energy,NZ,Gentailers,5.2,Contact Energy Limited,,NZCENE0001S6
FND806,NEW ZEALAND EQUITIES FUND (OCTAGON),SPK,Spark New Zealand,NZ,Telco,4.94,Spark New Zealand Limited,,NZTELE0001S4
FND806,NEW ZEALAND EQUITIES FUND (OCTAGON),MEL,Meridian Energy,NZ,Gentailers,4.88,Meridian Energy Limited,,NZMELE0002S7
FND806,NEW ZEALAND EQUITIES FUND (OCTAGON),MFT,Mainfreight,NZ,Industrials,4.14,Mainfreight Limited,,NZMFTE0001S9
FND806,NEW ZEALAND EQUITIES FUND (OCTAGON),EBO,EBOS Group,NZ,Healthcare,3.91,Ebos Group Limited,,NZEBOE0001S6
FND806,NEW ZEALAND EQUITIES FUND (OCTAGON),RYM,Ryman Healthcare,NZ,Retirement,3.26,Ryman Healthcare Limited,,NZRYME0001S4
FND806,NEW ZEALAND EQUITIES FUND (OCTAGON),ATM,a2 Milk Company,NZ,Consumer Staples,3.24,The a2 Milk Company Limited,,NZATME0002S8
FND806,NEW ZEALAND EQUITIES FUND (OCTAGON),SKT,Sky Network Television,NZ,Communications,3.22,Sky Network Television Limited,,NZSKTE0001S6
FND806,NEW ZEALAND EQUITIES FUND (OCTAGON),FBU,Fletcher Building,NZ,Industrials,3.08,Fletcher Building Limited,,NZFBUE0001S0
FND806,NEW ZEALAND EQUITIES FUND (OCTAGON),SKC,SkyCity Entertainment Group,NZ,Consumer Discretionary,3.06,SKYCITY Entertainment Group Limited,,NZSKCE0001S2
FND806,NEW ZEALAND EQUITIES FUND (OCTAGON),HGH,Heartland Group Holdings,NZ,Financials,2.49,Heartland Groupd Holdings Limited,,NZHGHE0007S9
FND806,NEW ZEALAND EQUITIES FUND (OCTAGON),TWR,Tower,NZ,Financials,2.26,Tower Limited,,NZTWRE0011S2
FND806,NEW ZEALAND EQUITIES FUND (OCTAGON),GNE,Genesis Energy,NZ,Gentailers,2.11,Genesis Energy Limited,,NZGNEE0001S7
FND806,NEW ZEALAND EQUITIES FUND (OCTAGON),SUM,Summerset Group,NZ,Retirement,2.04,Summerset Group Holdings Limited,,NZSUME0001S0
FND806,NEW ZEALAND EQUITIES FUND (OCTAGON),MCY,Mercury NZ,NZ,Gentailers,1.94,Mercury NZ Limited,,NZMRPE0001S2
FND806,NEW ZEALAND EQUITIES FUND (OCTAGON),SPG,Stride Property Group,NZ,Property,1.9,Stride Property Group,,NZSPGE0001S2
FND806,NEW ZEALAND EQUITIES FUND (OCTAGON),VHP,Vital Healthcare Property Trust,NZ,Property,1.8,Vital Healthcare Property Trust,,NZCHPE0001S4
FND806,NEW ZEALAND EQUITIES FUND (OCTAGON),ANZ,ANZ Group Holdings,AU,Financials,1.68,ANZ transactional bank account,,AU000000ANZ3
FND806,NEW ZEALAND EQUITIES FUND (OCTAGON),THL,Tourism Holdings,NZ,Consumer Discretionary,1.51,Tourism Holdings Limited,,NZHELE0001S9
FND806,NEW ZEALAND EQUITIES FUND (OCTAGON),NPH,Napier Port Holdings,NZ,Infrastructure,1.48,Napier Port Holdings Limited,,NZNPHE0005S2
FND806,NEW ZEALAND EQUITIES FUND (OCTAGON),NZX,NZX,NZ,Financials,1.26,NZX Limited,,NZNZXE0001S7
FND806,NEW ZEALAND EQUITIES FUND (OCTAGON),FSF,Fonterra Co-operative Group,NZ,Consumer Staples,0.91,Fonterra Shareholders' Fund,,NZFSFE0001S5
FND806,NEW ZEALAND EQUITIES FUND (OCTAGON),TRA,Turners Automotive Group,NZ,Consumer Discretionary,0.86,Turners Automotive Group Ltd,,NZVNLE0001S1
FND806,NEW ZEALAND EQUITIES FUND (OCTAGON),KPG,Kiwi Property Group,NZ,Property,0.78,Kiwi Property Group Limited,,NZKPGE0001S9
FND806,NEW ZEALAND EQUITIES FUND (OCTAGON),CNU,Chorus,NZ,Telco,0.68,Chorus Limited,,NZCNUE0001S2
FND806,NEW ZEALAND EQUITIES FUND (OCTAGON),CHI,Channel Infrastructure,NZ,Infrastructure,0.61,Channel Infrastructure NZ Limited,,NZNZRE0001S9
FND806,NEW ZEALAND EQUITIES FUND (OCTAGON),VCT,Vector,NZ,Infrastructure,0.6,Vector Limited,,NZVCTE0001S7
FND806,NEW ZEALAND EQUITIES FUND (OCTAGON),SKL,Skellerup Holdings,NZ,Industrials,0.57,Skellerup Holdings Limited,,NZSKXE0001S8
FND806,NEW ZEALAND EQUITIES FUND (OCTAGON),VSL,Vulcan Steel,AU,Industrials,0.47,Vulcan Steel Limited,,AU0000181984
FND806,NEW ZEALAND EQUITIES FUND (OCTAGON),SCL,Scales Corp,NZ,Consumer Staples,0.44,Scales Corporation Limited,,NZSCLE0002S8
FND806,NEW ZEALAND EQUITIES FUND (OCTAGON),KMD,KMD Brands,NZ,Consumer Discretionary,0.43,Kathmandu Holdings Limited,,NZKMDE0001S3
FND806,NEW ZEALAND EQUITIES FUND (OCTAGON),VGL,Vista Group International,NZ,Technology,0.38,Vista Group International Limited,,NZVGLE0003S1
FND806,NEW ZEALAND EQUITIES FUND (OCTAGON),POT,Port of Tauranga,NZ,Infrastructure,0.34,Port of Tauranga Limited,,NZPOTE0003S0
FND806,NEW ZEALAND EQUITIES FUND (OCTAGON),SAN,Sanford,NZ,Consumer Staples,0.29,Sanford Limited,,NZSANE0001S0
FND806,NEW ZEALAND EQUITIES FUND (OCTAGON),GMT,Goodman Property Trust,NZ,Property,0.2,Goodman Property Trust,,NZCPTE0001S9
FND806,NEW ZEALAND EQUITIES FUND (OCTAGON),GTK,Gentrack Group,NZ,Technology,0.12,Gentrack Group Limited,,NZGTKE0002S9
FND806,NEW ZEALAND EQUITIES FUND (OCTAGON),PCT,Precinct Properties,NZ,Property,0.12,Precinct Properties New Zealand Limited,,NZAPTE0001S3
FND806,NEW ZEALAND EQUITIES FUND (OCTAGON),IPL,Investore Property,NZ,Property,0.07,Investore Property Limited,,NZIPLE0001S3
FND806,NEW ZEALAND EQUITIES FUND (OCTAGON),OCA,Oceania Healthcare,NZ,Retirement,0.05,Oceania Healthcare Limited,,NZOCAE0002S0
FND967,AUSTRALIAN EQUITIES FUND (OCTAGON),BHP,BHP Group,AU,Materials,7.89,BHP Group Limited,,AU000000BHP4
FND967,AUSTRALIAN EQUITIES FUND (OCTAGON),CBA,Commonwealth Bank of Australia,AU,Financials,6.45,Commonwealth Bank of Australia Limited,,AU000000CBA7
FND967,AUSTRALIAN EQUITIES FUND (OCTAGON),WBC,Westpac Banking Corp,AU,Financials,5.1,Westpac Banking Corporation,,AU000000WBC1
FND967,AUSTRALIAN EQUITIES FUND (OCTAGON),CSL,CSL,AU,Healthcare,4.81,CSL Limited,,AU000000CSL8
FND967,AUSTRALIAN EQUITIES FUND (OCTAGON),NAB,National Australia Bank,AU,Financials,3.71,National Australia Bank Limited,,AU000000NAB4
FND967,AUSTRALIAN EQUITIES FUND (OCTAGON),MQG,Macquarie Group,AU,Financials,2.79,Macquarie Group Limited,,AU000000MQG1
FND967,AUSTRALIAN EQUITIES FUND (OCTAGON),GMG,Goodman Group,AU,Property,2.47,Goodman Group,,AU000000GMG2
FND967,AUSTRALIAN EQUITIES FUND (OCTAGON),WES,Wesfarmers,AU,Consumer Discretionary,2.45,Wesfarmers Limited,,AU000000WES1
FND967,AUSTRALIAN EQUITIES FUND (OCTAGON),TLS,Telstra Group,AU,Telco,2.41,Telstra Group,,AU000000TLS2
FND967,AUSTRALIAN EQUITIES FUND (OCTAGON),RIO,Rio Tinto,AU,Materials,2.28,Rio Tinto Limited,,AU000000RIO1
FND967,AUSTRALIAN EQUITIES FUND (OCTAGON),STO,Santos,AU,Energy,1.97,Santos Limited,,AU000000STO6
FND967,AUSTRALIAN EQUITIES FUND (OCTAGON),RMD,ResMed,AU,Healthcare,1.77,ResMed Inc.,,US7611521078
FND967,AUSTRALIAN EQUITIES FUND (OCTAGON),ANZ,ANZ Group Holdings,AU,Financials,1.73,ANZ transactional bank account,,AU000000ANZ3
FND967,AUSTRALIAN EQUITIES FUND (OCTAGON),ALL,Aristocrat Leisure,AU,Consumer Discretionary,1.68,Aristocrat Leisure Limited,,AU000000ALL7
FND967,AUSTRALIAN EQUITIES FUND (OCTAGON),FMG,Fortescue,AU,Materials,1.66,Fortescue Metals Group Limited,,AU000000FMG4
FND967,AUSTRALIAN EQUITIES FUND (OCTAGON),QBE,QBE Insurance Group,AU,Financials,1.62,QBE Insurance Group Limited,,AU000000QBE9
FND967,AUSTRALIAN EQUITIES FUND (OCTAGON),S32,South32,AU,Materials,1.43,South32 Limited,,AU000000S320
FND967,AUSTRALIAN EQUITIES FUND (OCTAGON),WOW,Woolworths Group,AU,Consumer Staples,1.41,Woolworths Limited,,AU000000WOW2
FND967,AUSTRALIAN EQUITIES FUND (OCTAGON),AMC,Amcor PLC,AU,Materials,1.29,Amcor Limited,,JE00BJ1F3079
FND967,AUSTRALIAN EQUITIES FUND (OCTAGON),NST,Northern Star Resources,AU,Materials,1.26,Northern Star Resources Limited�,,AU000000NST8
FND967,AUSTRALIAN EQUITIES FUND (OCTAGON),XRO,Xero,NZ,Technology,1.21,Xero Limited,,NZXROE0001S6
FND967,AUSTRALIAN EQUITIES FUND (OCTAGON),ORG,Origin Energy,AU,Energy,1.12,Origin Energy Limited,,AU000000ORG5
FND967,AUSTRALIAN EQUITIES FUND (OCTAGON),SPK,Spark New Zealand,NZ,Telco,0.96,Spark New Zealand Limited,,NZTELE0001S4
FND967,AUSTRALIAN EQUITIES FUND (OCTAGON),SCG,Scentre Group,AU,Property,0.93,Scentre Group Limited,,AU000000SCG8
FND967,AUSTRALIAN EQUITIES FUND (OCTAGON),BSL,BlueScope Steel,AU,Materials,0.91,BlueScope Steel Limited,,AU000000BSL0
FND967,AUSTRALIAN EQUITIES FUND (OCTAGON),WDS,Woodside Energy Group,AU,Energy,0.89,Woodside Petroleum Limited,,AU0000024137
FND967,AUSTRALIAN EQUITIES FUND (OCTAGON),WTC,WiseTech Global,AU,Technology,0.89,Wisetech Global Ltd,,AU000000WTC3
FND967,AUSTRALIAN EQUITIES FUND (OCTAGON),CWY,Cleanaway Waste Management,AU,Industrials,0.81,Cleanaway Waste Management Limited,,AU000000CWY6
FND967,AUSTRALIAN EQUITIES FUND (OCTAGON),RHC,Ramsay Health Care,AU,Healthcare,0.79,Ramsay Health Care Limited,,AU000000RHC8
FND967,AUSTRALIAN EQUITIES FUND (OCTAGON),TCL,Transurban Group,AU,Infrastructure,0.69,Transurban Group,,AU000000TCL6
FND967,AUSTRALIAN EQUITIES FUND (OCTAGON),REA,REA Group,AU,Communications,0.58,REA Group Limited,,AU000000REA9
FND967,AUSTRALIAN EQUITIES FUND (OCTAGON),CPU,Computershare,AU,Technology,0.58,Computershare Limited,,AU000000CPU5
FND967,AUSTRALIAN EQUITIES FUND (OCTAGON),TWE,Treasury Wine Estates,AU,Consumer Staples,0.54,Treasury Wine Estates Limited,,AU000000TWE9
FND967,AUSTRALIAN EQUITIES FUND (OCTAGON),COL,Coles Group,AU,Consumer Staples,0.51,Coles Group Limited,,AU0000030678
FND967,AUSTRALIAN EQUITIES FUND (OCTAGON),ALD,Ampol,AU,Energy,0.49,Ampol Limited,,AU000000ALD7
FND967,AUSTRALIAN EQUITIES FUND (OCTAGON),SKC,SkyCity Entertainment Group,NZ,Consumer Discretionary,0.46,Skycity Entertainment Group Ltd,,NZSKCE0001S2
FND967,AUSTRALIAN EQUITIES FUND (OCTAGON),VSL,Vulcan Steel,AU,Industrials,0.44,Vulcan Steel Ltd,,AU0000181984
FND967,AUSTRALIAN EQUITIES FUND (OCTAGON),CAR,CAR Group,AU,Communications,0.42,Regis Healthcare Ltd,,AU000000CAR4
FND967,AUSTRALIAN EQUITIES FUND (OCTAGON),JHX,James Hardie Industries,AU,Materials,0.35,James Hardie Industries PLC,,IE00BD1NXY58
FND967,AUSTRALIAN EQUITIES FUND (OCTAGON),FBU,Fletcher Building,NZ,Industrials,0.3,Fletcher Building Limited,,NZFBUE0001S0
FND967,AUSTRALIAN EQUITIES FUND (OCTAGON),ATM,a2 Milk Company,NZ,Consumer Staples,0.19,A2 Milk Company Limited,,NZATME0002S8
FND967,AUSTRALIAN EQUITIES FUND (OCTAGON),SUN,Suncorp Group,AU,Financials,0.18,Suncorp Group Limited,,AU000000SUN6
FND967,AUSTRALIAN EQUITIES FUND (OCTAGON),CAR,CAR Group,AU,Communications,0.15,Car Group Limited,,AU000000CAR4
FND967,AUSTRALIAN EQUITIES FUND (OCTAGON),AIA,Auckland International Airport,NZ,Infrastructure,0.07,Auckland International Airport Limited,,NZAIAE0002S6
FND900,MINT AUSTRALASIAN EQUITY FUND,FPH,Fisher & Paykel Healthcare,NZ,Healthcare,15.32,Fisher & Paykel Healthcare Ltd,,NZFAPE0001S2
FND900,MINT AUSTRALASIAN EQUITY FUND,IFT,Infratil,NZ,Infrastructure,12.3,Infratil Ltd,,NZIFTE0003S3
FND900,MINT AUSTRALASIAN EQUITY FUND,MEL,Meridian Energy,NZ,Gentailers,7.49,Meridian Energy Limited,,NZMELE0002S7
FND900,MINT AUSTRALASIAN EQUITY FUND,AIA,Auckland International Airport,NZ,Infrastructure,7.11,Auckland International Airport Ltd,,NZAIAE0002S6
FND900,MINT AUSTRALASIAN EQUITY FUND,CEN,Contact Energy,NZ,Gentailers,6.76,Contact Energy Ltd,,NZCENE0001S6
FND900,MINT AUSTRALASIAN EQUITY FUND,EBO,EBOS Group,NZ,Healthcare,6.49,Ebos Group Ltd,,NZEBOE0001S6
FND900,MINT AUSTRALASIAN EQUITY FUND,SUM,Summerset Group,NZ,Retirement,6.13,Summerset Group Holdings Ltd,,NZSUME0001S0
FND900,MINT AUSTRALASIAN EQUITY FUND,MFT,Mainfreight,NZ,Industrials,5.57,Mainfreight Ltd,,NZMFTE0001S9
FND900,MINT AUSTRALASIAN EQUITY FUND,FBU,Fletcher Building,NZ,Industrials,3.19,Fletcher Building Ltd,,NZFBUE0001S0
FND900,MINT AUSTRALASIAN EQUITY FUND,SPK,Spark New Zealand,NZ,Telco,3.18,Spark New Zealand Ltd,,NZTELE0001S4
FND900,MINT AUSTRALASIAN EQUITY FUND,ATM,a2 Milk Company,NZ,Consumer Staples,2.59,A2 Milk Company Ltd,,NZATME0002S8
FND900,MINT AUSTRALASIAN EQUITY FUND,XRO,Xero,NZ,Technology,2.05,Xero Ltd,,NZXROE0001S6
FND900,MINT AUSTRALASIAN EQUITY FUND,WTC,WiseTech Global,AU,Technology,1.8,Wisetech Global Ltd,,AU000000WTC3
FND900,MINT AUSTRALASIAN EQUITY FUND,AMC,Amcor PLC,AU,Materials,1.54,Amcor Ltd,,JE00BJ1F3079
FND900,MINT AUSTRALASIAN EQUITY FUND,SKL,Skellerup Holdings,NZ,Industrials,1.48,Skellerup Holdings Ltd,,NZSKXE0001S8
FND900,MINT AUSTRALASIAN EQUITY FUND,SKO,Serko,NZ,Technology,1.29,Serko Ltd,,NZSKOE0001S7
FND900,MINT AUSTRALASIAN EQUITY FUND,CHI,Channel Infrastructure,NZ,Infrastructure,1.26,Channel Infrastructure NZ Limited,,NZNZRE0001S9
FND900,MINT AUSTRALASIAN EQUITY FUND,VSL,Vulcan Steel,AU,Industrials,1.18,VULCAN STEEL LIMITED,,AU0000181984
FND900,MINT AUSTRALASIAN EQUITY FUND,SUN,Suncorp Group,AU,Financials,1.01,Suncorp Group Ltd,,AU000000SUN6
FND900,MINT AUSTRALASIAN EQUITY FUND,NPH,Napier Port Holdings,NZ,Infrastructure,0.84,Napier Port Holdings Ltd,,NZNPHE0005S2
FND900,MINT AUSTRALASIAN EQUITY FUND,VGL,Vista Group International,NZ,Technology,0.6,Vista Group International Ltd,,NZVGLE0003S1
FND900,MINT AUSTRALASIAN EQUITY FUND,MQG,Macquarie Group,AU,Financials,0.53,Macquarie Group Ltd,,AU000000MQG1
FND900,MINT AUSTRALASIAN EQUITY FUND,GMG,Goodman Group,AU,Property,0.48,Goodman Group,,AU000000GMG2
FND900,MINT AUSTRALASIAN EQUITY FUND,CSL,CSL,AU,Healthcare,0.3,CSL Limited,,AU000000CSL8
FND45300,NZ COMPANIES FUND,FPH,Fisher & Paykel Healthcare,NZ,Healthcare,13.82,Fisher & Paykel Healthcare Corporation Limited,,NZFAPE0001S2
FND45300,NZ COMPANIES FUND,IFT,Infratil,NZ,Infrastructure,7.74,Infratil Limited,,NZIFTE0003S3
FND45300,NZ COMPANIES FUND,AIA,Auckland International Airport,NZ,Infrastructure,7.34,Auckland International Airport Limited,,NZAIAE0002S6
FND45300,NZ COMPANIES FUND,CEN,Contact Energy,NZ,Gentailers,5.17,Contact Energy Limited,,NZCENE0001S6
FND45300,NZ COMPANIES FUND,SPK,Spark New Zealand,NZ,Telco,4.92,Spark New Zealand Limited,,NZTELE0001S4
FND45300,NZ COMPANIES FUND,MEL,Meridian Energy,NZ,Gentailers,4.86,Meridian Energy Limited,,NZMELE0002S7
FND45300,NZ COMPANIES FUND,MFT,Mainfreight,NZ,Industrials,4.12,Mainfreight Limited,,NZMFTE0001S9
FND45300,NZ COMPANIES FUND,EBO,EBOS Group,NZ,Healthcare,3.9,Ebos Group Limited,,NZEBOE0001S6
FND45300,NZ COMPANIES FUND,RYM,Ryman Healthcare,NZ,Retirement,3.25,Ryman Healthcare Limited,,NZRYME0001S4
FND45300,NZ COMPANIES FUND,ATM,a2 Milk Company,NZ,Consumer Staples,3.22,The a2 Milk Company Limited,,NZATME0002S8
FND45300,NZ COMPANIES FUND,SKT,Sky Network Television,NZ,Communications,3.21,Sky Network Television Limited,,NZSKTE0001S6
FND45300,NZ COMPANIES FUND,FBU,Fletcher Building,NZ,Industrials,3.07,Fletcher Building Limited,,NZFBUE0001S0
FND45300,NZ COMPANIES FUND,SKC,SkyCity Entertainment Group,NZ,Consumer Discretionary,3.05,SKYCITY Entertainment Group Limited,,NZSKCE0001S2
FND45300,NZ COMPANIES FUND,HGH,Heartland Group Holdings,NZ,Financials,2.48,Heartland Groupd Holdings Limited,,NZHGHE0007S9
FND45300,NZ COMPANIES FUND,TWR,Tower,NZ,Financials,2.25,Tower Limited,,NZTWRE0011S2
FND45300,NZ COMPANIES FUND,GNE,Genesis Energy,NZ,Gentailers,2.1,Genesis Energy Limited,,NZGNEE0001S7
FND45300,NZ COMPANIES FUND,SUM,Summerset Group,NZ,Retirement,2.03,Summerset Group Holdings Limited,,NZSUME0001S0
FND45300,NZ COMPANIES FUND,MCY,Mercury NZ,NZ,Gentailers,1.93,Mercury NZ Limited,,NZMRPE0001S2
FND45300,NZ COMPANIES FUND,SPG,Stride Property Group,NZ,Property,1.89,Stride Property Group,,NZSPGE0001S2
FND45300,NZ COMPANIES FUND,VHP,Vital Healthcare Property Trust,NZ,Property,1.79,Vital Healthcare Property Trust,,NZCHPE0001S4
FND45300,NZ COMPANIES FUND,ANZ,ANZ Group Holdings,AU,Financials,1.67,ANZ transactional bank account,,AU000000ANZ3
FND45300,NZ COMPANIES FUND,THL,Tourism Holdings,NZ,Consumer Discretionary,1.51,Tourism Holdings Limited,,NZHELE0001S9
FND45300,NZ COMPANIES FUND,NPH,Napier Port Holdings,NZ,Infrastructure,1.48,Napier Port Holdings Limited,,NZNPHE0005S2
FND45300,NZ COMPANIES FUND,NZX,NZX,NZ,Financials,1.25,NZX Limited,,NZNZXE0001S7
FND45300,NZ COMPANIES FUND,FSF,Fonterra Co-operative Group,NZ,Consumer Staples,0.91,Fonterra Shareholders' Fund,,NZFSFE0001S5
FND45300,NZ COMPANIES FUND,TRA,Turners Automotive Group,NZ,Consumer Discretionary,0.86,Turners Automotive Group Ltd,,NZVNLE0001S1
FND45300,NZ COMPANIES FUND,KPG,Kiwi Property Group,NZ,Property,0.77,Kiwi Property Group Limited,,NZKPGE0001S9
FND45300,NZ COMPANIES FUND,CNU,Chorus,NZ,Telco,0.67,Chorus Limited,,NZCNUE0001S2
FND45300,NZ COMPANIES FUND,CHI,Channel Infrastructure,NZ,Infrastructure,0.6,Channel Infrastructure NZ Limited,,NZNZRE0001S9
FND45300,NZ COMPANIES FUND,VCT,Vector,NZ,Infrastructure,0.6,Vector Limited,,NZVCTE0001S7
FND45300,NZ COMPANIES FUND,SKL,Skellerup Holdings,NZ,Industrials,0.57,Skellerup Holdings Limited,,NZSKXE0001S8
FND45300,NZ COMPANIES FUND,VSL,Vulcan Steel,AU,Industrials,0.47,Vulcan Steel Limited,,AU0000181984
FND45300,NZ COMPANIES FUND,SCL,Scales Corp,NZ,Consumer Staples,0.44,Scales Corporation Limited,,NZSCLE0002S8
FND45300,NZ COMPANIES FUND,KMD,KMD Brands,NZ,Consumer Discretionary,0.43,Kathmandu Holdings Limited,,NZKMDE0001S3
FND45300,NZ COMPANIES FUND,VGL,Vista Group International,NZ,Technology,0.38,Vista Group International Limited,,NZVGLE0003S1
FND45300,NZ COMPANIES FUND,POT,Port of Tauranga,NZ,Infrastructure,0.34,Port of Tauranga Limited,,NZPOTE0003S0
FND45300,NZ COMPANIES FUND,SAN,Sanford,NZ,Consumer Staples,0.29,Sanford Limited,,NZSANE0001S0
FND45300,NZ COMPANIES FUND,GMT,Goodman Property Trust,NZ,Property,0.2,Goodman Property Trust,,NZCPTE0001S9
FND45300,NZ COMPANIES FUND,GTK,Gentrack Group,NZ,Technology,0.12,Gentrack Group Limited,,NZGTKE0002S9
FND45300,NZ COMPANIES FUND,PCT,Precinct Properties,NZ,Property,0.11,Precinct Properties New Zealand Limited,,NZAPTE0001S3
FND45300,NZ COMPANIES FUND,IPL,Investore Property,NZ,Property,0.07,Investore Property Limited,,NZIPLE0001S3
FND45300,NZ COMPANIES FUND,OCA,Oceania Healthcare,NZ,Retirement,0.05,Oceania Healthcare Limited,,NZOCAE0002S0
FND2935,SBS WEALTH AUSTRALASIAN EQUITY PORTFOLIO,FPH,Fisher & Paykel Healthcare,NZ,Healthcare,7.06,Fisher & Paykel Healthcare Corp Ltd,,NZFAPE0001S2
FND2935,SBS WEALTH AUSTRALASIAN EQUITY PORTFOLIO,IFT,Infratil,NZ,Infrastructure,6.35,Infratil Limited,,NZIFTE0003S3
FND2935,SBS WEALTH AUSTRALASIAN EQUITY PORTFOLIO,CEN,Contact Energy,NZ,Gentailers,6.2,Contact Energy Limited,,NZCENE0001S6
FND2935,SBS WEALTH AUSTRALASIAN EQUITY PORTFOLIO,MEL,Meridian Energy,NZ,Gentailers,5.21,Meridian Energy Limited,,NZMELE0002S7
FND2935,SBS WEALTH AUSTRALASIAN EQUITY PORTFOLIO,SPK,Spark New Zealand,NZ,Telco,5.0,Spark New Zealand Limited,,NZTELE0001S4
FND2935,SBS WEALTH AUSTRALASIAN EQUITY PORTFOLIO,AIA,Auckland International Airport,NZ,Infrastructure,4.93,Auckland International Airport Limited,,NZAIAE0002S6
FND2935,SBS WEALTH AUSTRALASIAN EQUITY PORTFOLIO,EBO,EBOS Group,NZ,Healthcare,4.82,EBOS Group Limited Ordinary Shares,,NZEBOE0001S6
FND2935,SBS WEALTH AUSTRALASIAN EQUITY PORTFOLIO,MCY,Mercury NZ,NZ,Gentailers,3.89,Mercury NZ Limited,,NZMRPE0001S2
FND2935,SBS WEALTH AUSTRALASIAN EQUITY PORTFOLIO,SUM,Summerset Group,NZ,Retirement,3.31,Summerset Group Ltd,,NZSUME0001S0
FND2935,SBS WEALTH AUSTRALASIAN EQUITY PORTFOLIO,CNU,Chorus,NZ,Telco,3.27,Chorus Limited,,NZCNUE0001S2
FND2935,SBS WEALTH AUSTRALASIAN EQUITY PORTFOLIO,CSL,CSL,AU,Healthcare,3.16,CSL Limited,,AU000000CSL8
FND2935,SBS WEALTH AUSTRALASIAN EQUITY PORTFOLIO,MFT,Mainfreight,NZ,Industrials,3.05,Mainfreight Limited,,NZMFTE0001S9
FND2935,SBS WEALTH AUSTRALASIAN EQUITY PORTFOLIO,WOW,Woolworths Group,AU,Consumer Staples,1.94,Woolworths Group Limited,,AU000000WOW2
FND2935,SBS WEALTH AUSTRALASIAN EQUITY PORTFOLIO,CBA,Commonwealth Bank of Australia,AU,Financials,1.94,Commonwealth Bank Ord,,AU000000CBA7
FND2935,SBS WEALTH AUSTRALASIAN EQUITY PORTFOLIO,KPG,Kiwi Property Group,NZ,Property,1.88,Kiwi Property Group Limited,,NZKPGE0001S9
FND2935,SBS WEALTH AUSTRALASIAN EQUITY PORTFOLIO,FRW,Freightways Group,NZ,Industrials,1.73,Freightways Group Limited,,NZFREE0001S0
FND2935,SBS WEALTH AUSTRALASIAN EQUITY PORTFOLIO,XRO,Xero,NZ,Technology,1.63,Xero Limited,,NZXROE0001S6
FND2935,SBS WEALTH AUSTRALASIAN EQUITY PORTFOLIO,TCL,Transurban Group,AU,Infrastructure,1.4,Transurban Group,,AU000000TCL6
FND2935,SBS WEALTH AUSTRALASIAN EQUITY PORTFOLIO,QBE,QBE Insurance Group,AU,Financials,1.3,QBE Insurance Group Limited,,AU000000QBE9
FND2935,SBS WEALTH AUSTRALASIAN EQUITY PORTFOLIO,MQG,Macquarie Group,AU,Financials,1.27,Macquarie Group Limited,,AU000000MQG1
FND2935,SBS WEALTH AUSTRALASIAN EQUITY PORTFOLIO,TLS,Telstra Group,AU,Telco,1.19,Telstra Group Limited,,AU000000TLS2
FND2935,SBS WEALTH AUSTRALASIAN EQUITY PORTFOLIO,WBC,Westpac Banking Corp,AU,Financials,1.18,Westpac Banking Group Limited,,AU000000WBC1
FND2935,SBS WEALTH AUSTRALASIAN EQUITY PORTFOLIO,POT,Port of Tauranga,NZ,Infrastructure,1.17,Port of Tauranga,,NZPOTE0003S0
FND2935,SBS WEALTH AUSTRALASIAN EQUITY PORTFOLIO,GMG,Goodman Group,AU,Property,1.1,Goodman Group,,AU000000GMG2
FND2935,SBS WEALTH AUSTRALASIAN EQUITY PORTFOLIO,FMG,Fortescue,AU,Materials,1.05,Fortescue Metals Group Limited,,AU000000FMG4
FND2935,SBS WEALTH AUSTRALASIAN EQUITY PORTFOLIO,WES,Wesfarmers,AU,Consumer Discretionary,0.96,Wesfarmers Ltd,,AU000000WES1
FND1425,HARBOUR AUSTRALASIAN EQUITY FOCUS FUND,IFT,Infratil,NZ,Infrastructure,9.12,Infratil,,NZIFTE0003S3
FND1425,HARBOUR AUSTRALASIAN EQUITY FOCUS FUND,MFT,Mainfreight,NZ,Industrials,6.99,Mainfreight,,NZMFTE0001S9
FND1425,HARBOUR AUSTRALASIAN EQUITY FOCUS FUND,SUM,Summerset Group,NZ,Retirement,6.77,Summerset Group,,NZSUME0001S0
FND1425,HARBOUR AUSTRALASIAN EQUITY FOCUS FUND,SCL,Scales Corp,NZ,Consumer Staples,5.94,Scales NZ,,NZSCLE0002S8
FND1425,HARBOUR AUSTRALASIAN EQUITY FOCUS FUND,EBO,EBOS Group,NZ,Healthcare,5.85,EBOS Group,,NZEBOE0001S6
FND1425,HARBOUR AUSTRALASIAN EQUITY FOCUS FUND,ATM,a2 Milk Company,NZ,Consumer Staples,5.73,a2 Milk Company,,NZATME0002S8
FND1425,HARBOUR AUSTRALASIAN EQUITY FOCUS FUND,XRO,Xero,NZ,Technology,5.12,Xero,,NZXROE0001S6
FND1425,HARBOUR AUSTRALASIAN EQUITY FOCUS FUND,GMG,Goodman Group,AU,Property,4.95,Goodman Group,,AU000000GMG2
FND1425,HARBOUR AUSTRALASIAN EQUITY FOCUS FUND,CSL,CSL,AU,Healthcare,4.5,CSL,,AU000000CSL8
FND1425,HARBOUR AUSTRALASIAN EQUITY FOCUS FUND,BHP,BHP Group,AU,Materials,4.45,BHP Group,,AU000000BHP4
FND1425,HARBOUR AUSTRALASIAN EQUITY FOCUS FUND,RYM,Ryman Healthcare,NZ,Retirement,4.44,Ryman Healthcare,,NZRYME0001S4
FND1425,HARBOUR AUSTRALASIAN EQUITY FOCUS FUND,SKO,Serko,NZ,Technology,2.99,Serko,,NZSKOE0001S7
FND1425,HARBOUR AUSTRALASIAN EQUITY FOCUS FUND,AIA,Auckland International Airport,NZ,Infrastructure,2.94,Auckland International Airport,,NZAIAE0002S6
FND1425,HARBOUR AUSTRALASIAN EQUITY FOCUS FUND,VGL,Vista Group International,NZ,Technology,2.69,Vista Group International,,NZVGLE0003S1
FND1425,HARBOUR AUSTRALASIAN EQUITY FOCUS FUND,GTK,Gentrack Group,NZ,Technology,2.65,Gentrack Group,,NZGTKE0002S9
FND1425,HARBOUR AUSTRALASIAN EQUITY FOCUS FUND,MQG,Macquarie Group,AU,Financials,2.63,Macquarie Group,,AU000000MQG1
FND1425,HARBOUR AUSTRALASIAN EQUITY FOCUS FUND,RMD,ResMed,AU,Healthcare,2.62,ResMed,,US7611521078
FND1425,HARBOUR AUSTRALASIAN EQUITY FOCUS FUND,PEB,Pacific Edge,NZ,Healthcare,2.01,Pacific Edge,,NZPEBE0001S5
FND1425,HARBOUR AUSTRALASIAN EQUITY FOCUS FUND,KMD,KMD Brands,NZ,Consumer Discretionary,0.66,KMD Brands,,NZKMDE0001S3
FND1425,HARBOUR AUSTRALASIAN EQUITY FOCUS FUND,VSL,Vulcan Steel,AU,Industrials,0.39,Vulcan Steel,,AU0000181984
FND326,QUAYSTREET NEW ZEALAND EQUITY FUND,FPH,Fisher & Paykel Healthcare,NZ,Healthcare,15.71,FISHER & PAYKEL HEALTHCARE,,NZFAPE0001S2
FND326,QUAYSTREET NEW ZEALAND EQUITY FUND,IFT,Infratil,NZ,Infrastructure,8.68,INFRATIL,,NZIFTE0003S3
FND326,QUAYSTREET NEW ZEALAND EQUITY FUND,CEN,Contact Energy,NZ,Gentailers,7.57,CONTACT ENERGY,,NZCENE0001S6
FND326,QUAYSTREET NEW ZEALAND EQUITY FUND,AIA,Auckland International Airport,NZ,Infrastructure,6.95,AUCKLAND INTERNATIONAL AIRPORT,,NZAIAE0002S6
FND326,QUAYSTREET NEW ZEALAND EQUITY FUND,MEL,Meridian Energy,NZ,Gentailers,5.53,MERIDIAN ENERGY,,NZMELE0002S7
FND326,QUAYSTREET NEW ZEALAND EQUITY FUND,MFT,Mainfreight,NZ,Industrials,5.24,MAINFREIGHT,,NZMFTE0001S9
FND326,QUAYSTREET NEW ZEALAND EQUITY FUND,EBO,EBOS Group,NZ,Healthcare,5.22,EBOS GROUP,,NZEBOE0001S6
FND326,QUAYSTREET NEW ZEALAND EQUITY FUND,ATM,a2 Milk Company,NZ,Consumer Staples,4.78,A2 MILK COMPANY,,NZATME0002S8
FND326,QUAYSTREET NEW ZEALAND EQUITY FUND,MCY,Mercury NZ,NZ,Gentailers,4.72,MERCURY NZ,,NZMRPE0001S2
FND326,QUAYSTREET NEW ZEALAND EQUITY FUND,SPK,Spark New Zealand,NZ,Telco,4.27,SPARK NEW ZEALAND,,NZTELE0001S4
FND326,QUAYSTREET NEW ZEALAND EQUITY FUND,CNU,Chorus,NZ,Telco,4.04,CHORUS,,NZCNUE0001S2
FND326,QUAYSTREET NEW ZEALAND EQUITY FUND,FRW,Freightways Group,NZ,Industrials,3.93,FREIGHTWAYS,,NZFREE0001S0
FND326,QUAYSTREET NEW ZEALAND EQUITY FUND,FBU,Fletcher Building,NZ,Industrials,2.91,FLETCHER BUILDING,,NZFBUE0001S0
FND326,QUAYSTREET NEW ZEALAND EQUITY FUND,KPG,Kiwi Property Group,NZ,Property,1.64,KIWI PROPERTY GROUP,,NZKPGE0001S9
FND326,QUAYSTREET NEW ZEALAND EQUITY FUND,RYM,Ryman Healthcare,NZ,Retirement,1.54,RYMAN HEALTHCARE,,NZRYME0001S4
FND326,QUAYSTREET NEW ZEALAND EQUITY FUND,SUM,Summerset Group,NZ,Retirement,1.53,SUMMERSET GROUP,,NZSUME0001S0
FND326,QUAYSTREET NEW ZEALAND EQUITY FUND,CHI,Channel Infrastructure,NZ,Infrastructure,1.26,CHANNEL INFRASTRUCTURE NZ,,NZNZRE0001S9
FND326,QUAYSTREET NEW ZEALAND EQUITY FUND,OCA,Oceania Healthcare,NZ,Retirement,1.11,OCEANIA HEALTHCARE,,NZOCAE0002S0
FND326,QUAYSTREET NEW ZEALAND EQUITY FUND,WBC,Westpac Banking Corp,AU,Financials,0.86,WESTPAC BANKING CORP,,AU000000WBC1
FND326,QUAYSTREET NEW ZEALAND EQUITY FUND,ANZ,ANZ Group Holdings,AU,Financials,0.8,ANZ GROUP,,AU000000ANZ3
FND326,QUAYSTREET NEW ZEALAND EQUITY FUND,TWR,Tower,NZ,Financials,0.73,TOWER,,NZTWRE0011S2
FND326,QUAYSTREET NEW ZEALAND EQUITY FUND,SKT,Sky Network Television,NZ,Communications,0.67,SKY NETWORK TELEVISION,,NZSKTE0001S6
FND326,QUAYSTREET NEW ZEALAND EQUITY FUND,SKC,SkyCity Entertainment Group,NZ,Consumer Discretionary,0.64,SKYCITY ENTERTAINMENT GROUP,,NZSKCE0001S2
FND326,QUAYSTREET NEW ZEALAND EQUITY FUND,IPL,Investore Property,NZ,Property,0.61,INVESTORE PROPERTY,,NZIPLE0001S3
FND326,QUAYSTREET NEW ZEALAND EQUITY FUND,GNE,Genesis Energy,NZ,Gentailers,0.44,GENESIS ENERGY,,NZGNEE0001S7
FND326,QUAYSTREET NEW ZEALAND EQUITY FUND,HGH,Heartland Group Holdings,NZ,Financials,0.33,HEARTLAND GROUP HOLDINGS,,NZHGHE0007S9
FND326,QUAYSTREET NEW ZEALAND EQUITY FUND,DGL,Delegat Group,NZ,Consumer Staples,0.3,DELEGAT'S GROUP,,NZDGLE0001S0
FND326,QUAYSTREET NEW ZEALAND EQUITY FUND,GTK,Gentrack Group,NZ,Technology,0.25,GENTRACK GROUP,,NZGTKE0002S9
FND1505,DEVON TRANS-TASMAN FUND,IFT,Infratil,NZ,Infrastructure,6.96,Infratil Ltd,,NZIFTE0003S3
FND1505,DEVON TRANS-TASMAN FUND,FPH,Fisher & Paykel Healthcare,NZ,Healthcare,6.35,Fisher & Paykel Healthcare Ltd,,NZFAPE0001S2
FND1505,DEVON TRANS-TASMAN FUND,BHP,BHP Group,AU,Materials,5.36,BHP Group Ltd,,AU000000BHP4
FND1505,DEVON TRANS-TASMAN FUND,ANZ,ANZ Group Holdings,AU,Financials,4.16,ANZ Group Holdings Ltd,,AU000000ANZ3
FND1505,DEVON TRANS-TASMAN FUND,SUM,Summerset Group,NZ,Retirement,3.95,Summerset Group Holdings Ltd,,NZSUME0001S0
FND1505,DEVON TRANS-TASMAN FUND,MQG,Macquarie Group,AU,Financials,3.84,Macquarie Group Ltd,,AU000000MQG1
FND1505,DEVON TRANS-TASMAN FUND,AIA,Auckland International Airport,NZ,Infrastructure,3.8,Auckland International Airport Ltd,,NZAIAE0002S6
FND1505,DEVON TRANS-TASMAN FUND,FRW,Freightways Group,NZ,Industrials,3.59,Freightways Group Ltd,,NZFREE0001S0
FND1505,DEVON TRANS-TASMAN FUND,GMG,Goodman Group,AU,Property,3.37,Goodman Group,,AU000000GMG2
FND1505,DEVON TRANS-TASMAN FUND,CEN,Contact Energy,NZ,Gentailers,2.93,Contact Energy Ltd,,NZCENE0001S6
FND1505,DEVON TRANS-TASMAN FUND,NAB,National Australia Bank,AU,Financials,2.89,National Australia Bank Ltd,,AU000000NAB4
FND1505,DEVON TRANS-TASMAN FUND,MCY,Mercury NZ,NZ,Gentailers,2.66,Mercury NZ Limited,,NZMRPE0001S2
FND1505,DEVON TRANS-TASMAN FUND,MFT,Mainfreight,NZ,Industrials,2.59,Mainfreight Ltd,,NZMFTE0001S9
FND1505,DEVON TRANS-TASMAN FUND,EBO,EBOS Group,NZ,Healthcare,2.48,Ebos Group Ltd,,NZEBOE0001S6
FND1505,DEVON TRANS-TASMAN FUND,POT,Port of Tauranga,NZ,Infrastructure,2.39,Port of Tauranga Ltd,,NZPOTE0003S0
FND1505,DEVON TRANS-TASMAN FUND,PCT,Precinct Properties,NZ,Property,2.32,Precinct Properties NZ Ltd,,NZAPTE0001S3
FND1505,DEVON TRANS-TASMAN FUND,CWY,Cleanaway Waste Management,AU,Industrials,2.25,Cleanaway Waste Management Ltd,,AU000000CWY6
FND1505,DEVON TRANS-TASMAN FUND,NEM,Newmont,AU,Materials,2.21,NEWMONT CORP-CDI,,US6516391066
FND1505,DEVON TRANS-TASMAN FUND,RIO,Rio Tinto,AU,Materials,2.18,Rio Tinto Ltd,,AU000000RIO1
FND1505,DEVON TRANS-TASMAN FUND,MEL,Meridian Energy,NZ,Gentailers,1.9,Meridian Energy Limited,,NZMELE0002S7
FND1505,DEVON TRANS-TASMAN FUND,SUN,Suncorp Group,AU,Financials,1.72,Suncorp Group Ltd,,AU000000SUN6
FND1505,DEVON TRANS-TASMAN FUND,ATM,a2 Milk Company,NZ,Consumer Staples,1.71,A2 Milk Company Ltd,,NZATME0002S8
FND1505,DEVON TRANS-TASMAN FUND,XRO,Xero,NZ,Technology,1.7,Xero Ltd,,NZXROE0001S6
FND1505,DEVON TRANS-TASMAN FUND,ORI,Orica,AU,Materials,1.48,Orica Ltd,,AU000000ORI1
FND1505,DEVON TRANS-TASMAN FUND,STO,Santos,AU,Energy,1.47,Santos Ltd,,AU000000STO6
FND1505,DEVON TRANS-TASMAN FUND,RMD,ResMed,AU,Healthcare,1.36,Resmed Inc,,US7611521078
FND1505,DEVON TRANS-TASMAN FUND,CSL,CSL,AU,Healthcare,1.26,CSL Limited,,AU000000CSL8
FND1505,DEVON TRANS-TASMAN FUND,SPK,Spark New Zealand,NZ,Telco,1.22,Spark New Zealand Ltd,,NZTELE0001S4
FND1505,DEVON TRANS-TASMAN FUND,VCT,Vector,NZ,Infrastructure,1.08,Vector Ltd,,NZVCTE0001S7
FND1505,DEVON TRANS-TASMAN FUND,SKT,Sky Network Television,NZ,Communications,0.84,Sky Network Television Ltd,,NZSKTE0001S6
FND1505,DEVON TRANS-TASMAN FUND,FBU,Fletcher Building,NZ,Industrials,0.82,Fletcher Building Ltd,,NZFBUE0001S0
FND1505,DEVON TRANS-TASMAN FUND,WTC,WiseTech Global,AU,Technology,0.8,Wisetech Global Ltd,,AU000000WTC3
FND1505,DEVON TRANS-TASMAN FUND,AMC,Amcor PLC,AU,Materials,0.78,Amcor Ltd,,JE00BJ1F3079
FND1505,DEVON TRANS-TASMAN FUND,NPH,Napier Port Holdings,NZ,Infrastructure,0.7,Napier Port Holdings Ltd,,NZNPHE0005S2
FND1505,DEVON TRANS-TASMAN FUND,RYM,Ryman Healthcare,NZ,Retirement,0.61,Ryman Healthcare Ltd,,NZRYME0001S4
FND1505,DEVON TRANS-TASMAN FUND,VSL,Vulcan Steel,AU,Industrials,0.6,VULCAN STEEL LIMITED,,AU0000181984
FND1505,DEVON TRANS-TASMAN FUND,SPG,Stride Property Group,NZ,Property,0.55,Stride Property Ltd and Stride Invest Mgmt Ltd,,NZSPGE0001S2
FND1505,DEVON TRANS-TASMAN FUND,CNU,Chorus,NZ,Telco,0.5,Chorus Ltd,,NZCNUE0001S2
FND1505,DEVON TRANS-TASMAN FUND,GNE,Genesis Energy,NZ,Gentailers,0.36,Genesis Energy Ltd,,NZGNEE0001S7
FND1505,DEVON TRANS-TASMAN FUND,KPG,Kiwi Property Group,NZ,Property,0.33,Kiwi Property Group Ltd,,NZKPGE0001S9
FND1505,DEVON TRANS-TASMAN FUND,JHX,James Hardie Industries,AU,Materials,0.25,James Hardie Industries-CDI,,IE00BD1NXY58
FND1208,FISHER FUNDS NEW ZEALAND GROWTH FUND,FPH,Fisher & Paykel Healthcare,NZ,Healthcare,19.05,Fisher & Paykel Healthcare Corp Ltd,,NZFAPE0001S2
FND1208,FISHER FUNDS NEW ZEALAND GROWTH FUND,IFT,Infratil,NZ,Infrastructure,11.82,Infratil Limited,,NZIFTE0003S3
FND1208,FISHER FUNDS NEW ZEALAND GROWTH FUND,MFT,Mainfreight,NZ,Industrials,9.39,Mainfreight Limited,,NZMFTE0001S9
FND1208,FISHER FUNDS NEW ZEALAND GROWTH FUND,XRO,Xero,NZ,Technology,7.95,Xero Limited,,NZXROE0001S6
FND1208,FISHER FUNDS NEW ZEALAND GROWTH FUND,SUM,Summerset Group,NZ,Retirement,7.78,Summerset Group Ltd,,NZSUME0001S0
FND1208,FISHER FUNDS NEW ZEALAND GROWTH FUND,AIA,Auckland International Airport,NZ,Infrastructure,7.04,Auckland International Airport Limited,,NZAIAE0002S6
FND1208,FISHER FUNDS NEW ZEALAND GROWTH FUND,EBO,EBOS Group,NZ,Healthcare,6.73,EBOS Group Limited Ordinary Shares,,NZEBOE0001S6
FND1208,FISHER FUNDS NEW ZEALAND GROWTH FUND,VGL,Vista Group International,NZ,Technology,4.83,Vista Group International Limited,,NZVGLE0003S1
FND1208,FISHER FUNDS NEW ZEALAND GROWTH FUND,CEN,Contact Energy,NZ,Gentailers,3.35,Contact Energy Limited,,NZCENE0001S6
FND1208,FISHER FUNDS NEW ZEALAND GROWTH FUND,MCY,Mercury NZ,NZ,Gentailers,3.14,Mercury NZ Limited,,NZMRPE0001S2
FND1208,FISHER FUNDS NEW ZEALAND GROWTH FUND,ATM,a2 Milk Company,NZ,Consumer Staples,3.12,The A2 Milk Company Limited,,NZATME0002S8
FND1208,FISHER FUNDS NEW ZEALAND GROWTH FUND,MEL,Meridian Energy,NZ,Gentailers,2.96,Meridian Energy Limited,,NZMELE0002S7
FND1208,FISHER FUNDS NEW ZEALAND GROWTH FUND,POT,Port of Tauranga,NZ,Infrastructure,2.9,Port of Tauranga,,NZPOTE0003S0
FND1208,FISHER FUNDS NEW ZEALAND GROWTH FUND,FRW,Freightways Group,NZ,Industrials,2.8,Freightways Group Limited,,NZFREE0001S0
FND1208,FISHER FUNDS NEW ZEALAND GROWTH FUND,SKO,Serko,NZ,Technology,1.74,Serko Limited,,NZSKOE0001S7
FND1208,FISHER FUNDS NEW ZEALAND GROWTH FUND,VSL,Vulcan Steel,AU,Industrials,1.63,Vulcan Steel Limited,,AU0000181984
FND1208,FISHER FUNDS NEW ZEALAND GROWTH FUND,DGL,Delegat Group,NZ,Consumer Staples,0.97,Delegat Group Limited,,NZDGLE0001S0
FND768,AMP AUSTRALASIAN SHARES FUND,FPH,Fisher & Paykel Healthcare,NZ,Healthcare,14.21,Fisher & Paykel Healthcare Corporation Limited,,NZFAPE0001S2
FND768,AMP AUSTRALASIAN SHARES FUND,AIA,Auckland International Airport,NZ,Infrastructure,8.49,Auckland International Airport Limited,,NZAIAE0002S6
FND768,AMP AUSTRALASIAN SHARES FUND,IFT,Infratil,NZ,Infrastructure,7.93,Infratil Limited,,NZIFTE0003S3
FND768,AMP AUSTRALASIAN SHARES FUND,CEN,Contact Energy,NZ,Gentailers,5.45,Contact Energy Limited,,NZCENE0001S6
FND768,AMP AUSTRALASIAN SHARES FUND,MEL,Meridian Energy,NZ,Gentailers,4.84,Meridian Energy Limited,,NZMELE0002S7
FND768,AMP AUSTRALASIAN SHARES FUND,ATM,a2 Milk Company,NZ,Consumer Staples,4.74,The A2 Milk Company Limited,,NZATME0002S8
FND768,AMP AUSTRALASIAN SHARES FUND,EBO,EBOS Group,NZ,Healthcare,3.95,Ebos Group Limited,,NZEBOE0001S6
FND768,AMP AUSTRALASIAN SHARES FUND,MFT,Mainfreight,NZ,Industrials,3.61,Mainfreight Limited,,NZMFTE0001S9
FND768,AMP AUSTRALASIAN SHARES FUND,MCY,Mercury NZ,NZ,Gentailers,3.16,Mercury NZ Limited,,NZMRPE0001S2
FND768,AMP AUSTRALASIAN SHARES FUND,SPK,Spark New Zealand,NZ,Telco,2.98,Spark New Zealand Limited,,NZTELE0001S4
FND768,AMP AUSTRALASIAN SHARES FUND,CNU,Chorus,NZ,Telco,2.8,Chorus Ltd,,NZCNUE0001S2
FND768,AMP AUSTRALASIAN SHARES FUND,FBU,Fletcher Building,NZ,Industrials,2.57,Fletcher Building Limited,,NZFBUE0001S0
FND768,AMP AUSTRALASIAN SHARES FUND,SUM,Summerset Group,NZ,Retirement,1.82,SUMMERSET GROUP HOLDINGS LTD,,NZSUME0001S0
FND768,AMP AUSTRALASIAN SHARES FUND,FRW,Freightways Group,NZ,Industrials,1.74,FREIGHTWAYS GROUP LTD,,NZFREE0001S0
FND768,AMP AUSTRALASIAN SHARES FUND,RYM,Ryman Healthcare,NZ,Retirement,1.61,Ryman Healthcare Limited,,NZRYME0001S4
FND768,AMP AUSTRALASIAN SHARES FUND,GMT,Goodman Property Trust,NZ,Property,1.59,GOODMAN PROPERTY TRUST,,NZCPTE0001S9
FND768,AMP AUSTRALASIAN SHARES FUND,CBA,Commonwealth Bank of Australia,AU,Financials,1.41,Commonwealth Bank of Australia,,AU000000CBA7
FND768,AMP AUSTRALASIAN SHARES FUND,PCT,Precinct Properties,NZ,Property,1.39,PRECINCT PROPERTIES NEW ZEALAND LIMITED,,NZAPTE0001S3
FND768,AMP AUSTRALASIAN SHARES FUND,WBC,Westpac Banking Corp,AU,Financials,1.35,Westpac Banking Corporation,,AU000000WBC1
FND768,AMP AUSTRALASIAN SHARES FUND,KPG,Kiwi Property Group,NZ,Property,1.14,KIWI PROPERTY GROUP LIMITED,,NZKPGE0001S9
FND768,AMP AUSTRALASIAN SHARES FUND,VCT,Vector,NZ,Infrastructure,1.02,VECTOR LIMITED,,NZVCTE0001S7
FND768,AMP AUSTRALASIAN SHARES FUND,PFI,Property for Industry,NZ,Property,0.84,PROPERTY FOR INDUSTRY LTD,,NZPFIE0001S5
FND768,AMP AUSTRALASIAN SHARES FUND,AIR,Air New Zealand,NZ,Industrials,0.83,AIR NEW ZEALAND LTD,,NZAIRE0001S2
FND768,AMP AUSTRALASIAN SHARES FUND,SKL,Skellerup Holdings,NZ,Industrials,0.82,SKELLERUP HOLDINGS LIMITED,,NZSKXE0001S8
FND768,AMP AUSTRALASIAN SHARES FUND,GTK,Gentrack Group,NZ,Technology,0.76,GENTRACK GROUP LIMITED ORDINARY SHARES,,NZGTKE0002S9
FND768,AMP AUSTRALASIAN SHARES FUND,ARG,Argosy Property,NZ,Property,0.73,ARGOSY PROPERTY LIMITED,,NZARGE0010S7
FND768,AMP AUSTRALASIAN SHARES FUND,CHI,Channel Infrastructure,NZ,Infrastructure,0.72,CHANNEL INFRASTRUCTURE NZ LTD,,NZNZRE0001S9
FND768,AMP AUSTRALASIAN SHARES FUND,VHP,Vital Healthcare Property Trust,NZ,Property,0.72,VITAL HEALTHCARE PROPERTY TRUST,,NZCHPE0001S4
FND768,AMP AUSTRALASIAN SHARES FUND,NAB,National Australia Bank,AU,Financials,0.68,National Australia Bank Ltd,,AU000000NAB4
FND768,AMP AUSTRALASIAN SHARES FUND,FSF,Fonterra Co-operative Group,NZ,Consumer Staples,0.59,FONTERRA SHAREHOLDER FUND,,NZFSFE0001S5
FND768,AMP AUSTRALASIAN SHARES FUND,HGH,Heartland Group Holdings,NZ,Financials,0.59,HEARTLAND GROUP HLNPV,,NZHGHE0007S9
FND768,AMP AUSTRALASIAN SHARES FUND,ANZ,ANZ Group Holdings,AU,Financials,0.56,ANZ GROUP HOLDINGS LIMITED ORDINARY FULLY PAID,,AU000000ANZ3
FND768,AMP AUSTRALASIAN SHARES FUND,SCL,Scales Corp,NZ,Consumer Staples,0.52,SCALES CORP LTD,,NZSCLE0002S8
FND768,AMP AUSTRALASIAN SHARES FUND,CSL,CSL,AU,Healthcare,0.48,CSL Ltd,,AU000000CSL8
FND768,AMP AUSTRALASIAN SHARES FUND,SKC,SkyCity Entertainment Group,NZ,Consumer Discretionary,0.44,SKYCITY ENTERTAINMENT GROUP LIMITED,,NZSKCE0001S2
FND768,AMP AUSTRALASIAN SHARES FUND,MQG,Macquarie Group,AU,Financials,0.4,Macquarie Group Ltd,,AU000000MQG1
FND768,AMP AUSTRALASIAN SHARES FUND,THL,Tourism Holdings,NZ,Consumer Discretionary,0.39,TOURISM HOLDINGS LTD,,NZHELE0001S9
FND768,AMP AUSTRALASIAN SHARES FUND,TWR,Tower,NZ,Financials,0.38,TOWER LIMITED,,NZTWRE0011S2
FND768,AMP AUSTRALASIAN SHARES FUND,VSL,Vulcan Steel,AU,Industrials,0.37,VULCAN STEEL AUSTRALIA PTY LTD,,AU0000181984
FND768,AMP AUSTRALASIAN SHARES FUND,VGL,Vista Group International,NZ,Technology,0.36,VISTA GROUP INTERNATIONAL LTD,,NZVGLE0003S1
FND768,AMP AUSTRALASIAN SHARES FUND,GMG,Goodman Group,AU,Property,0.34,Goodman Group,,AU000000GMG2
FND768,AMP AUSTRALASIAN SHARES FUND,OCA,Oceania Healthcare,NZ,Retirement,0.33,OCEANIA HEALTHCARE TECHNOLOGY INVESTMENTS PTY LTD,,NZOCAE0002S0
FND768,AMP AUSTRALASIAN SHARES FUND,TRA,Turners Automotive Group,NZ,Consumer Discretionary,0.32,TURNERS AUTOMOTIVE GROUP LIMITED,,NZVNLE0001S1
FND768,AMP AUSTRALASIAN SHARES FUND,HLG,Hallenstein Glasson Holdings,NZ,Consumer Discretionary,0.29,HALLENSTEIN GLASSON HOLDINGS LTD,,NZHLGE0001S4
FND768,AMP AUSTRALASIAN SHARES FUND,SKT,Sky Network Television,NZ,Communications,0.28,SKY NETWORK TELEVISION LTD,,NZSKTE0001S6
FND768,AMP AUSTRALASIAN SHARES FUND,TLS,Telstra Group,AU,Telco,0.28,Telstra Corporation Ltd,,AU000000TLS2
FND768,AMP AUSTRALASIAN SHARES FUND,SAN,Sanford,NZ,Consumer Staples,0.26,SANFORD LTD,,NZSANE0001S0
FND768,AMP AUSTRALASIAN SHARES FUND,IPL,Investore Property,NZ,Property,0.25,INVESTORE PROPERTY LTD,,NZIPLE0001S3
FND768,AMP AUSTRALASIAN SHARES FUND,RIO,Rio Tinto,AU,Materials,0.23,RIO Tinto Ltd,,AU000000RIO1
FND768,AMP AUSTRALASIAN SHARES FUND,TCL,Transurban Group,AU,Infrastructure,0.22,Transurban Group,,AU000000TCL6
FND768,AMP AUSTRALASIAN SHARES FUND,NPH,Napier Port Holdings,NZ,Infrastructure,0.2,NAPIER PORT HOLDINGS LTD,,NZNPHE0005S2
FND768,AMP AUSTRALASIAN SHARES FUND,ALL,Aristocrat Leisure,AU,Consumer Discretionary,0.2,ARISTOCRAT LEISURE LTD,,AU000000ALL7
FND768,AMP AUSTRALASIAN SHARES FUND,SKO,Serko,NZ,Technology,0.18,SERKO LTD,,NZSKOE0001S7
FND768,AMP AUSTRALASIAN SHARES FUND,BGP,Briscoe Group,NZ,Consumer Discretionary,0.17,BRISCOE GROUP LIMITED ORDINARY SHARES,,NZBGRE0001S4
FND768,AMP AUSTRALASIAN SHARES FUND,WOW,Woolworths Group,AU,Consumer Staples,0.16,Woolworths Group Ltd,,AU000000WOW2
FND768,AMP AUSTRALASIAN SHARES FUND,NST,Northern Star Resources,AU,Materials,0.16,NORTHERN STAR RESOURCES LTD,,AU000000NST8
FND768,AMP AUSTRALASIAN SHARES FUND,FMG,Fortescue,AU,Materials,0.16,Fortescue Metals Group Ltd,,AU000000FMG4
FND768,AMP AUSTRALASIAN SHARES FUND,COL,Coles Group,AU,Consumer Staples,0.16,COLES GROUP LTD,,AU0000030678
FND768,AMP AUSTRALASIAN SHARES FUND,QBE,QBE Insurance Group,AU,Financials,0.16,QBE INSURANCE GROUP LTD,,AU000000QBE9
FND768,AMP AUSTRALASIAN SHARES FUND,XRO,Xero,NZ,Technology,0.13,XERO LIMITED ORDINARY FULLY PAID,,NZXROE0001S6
FND768,AMP AUSTRALASIAN SHARES FUND,KMD,KMD Brands,NZ,Consumer Discretionary,0.12,KMD BRANDS LIMITED,,NZKMDE0001S3
FND768,AMP AUSTRALASIAN SHARES FUND,SUN,Suncorp Group,AU,Financials,0.11,SUNCORP GROUP LTD,,AU000000SUN6
FND768,AMP AUSTRALASIAN SHARES FUND,EVN,Evolution Mining,AU,Materials,0.11,EVOLUTION MINING LIMITED,,AU000000EVN4
FND768,AMP AUSTRALASIAN SHARES FUND,SCG,Scentre Group,AU,Property,0.11,SCENTRE GROUP,,AU000000SCG8
FND768,AMP AUSTRALASIAN SHARES FUND,CPU,Computershare,AU,Technology,0.1,COMPUTERSHARE LTD,,AU000000CPU5
FND768,AMP AUSTRALASIAN SHARES FUND,COH,Cochlear,AU,Healthcare,0.09,COCHLEAR LIMITED,,AU000000COH5
FND768,AMP AUSTRALASIAN SHARES FUND,WTC,WiseTech Global,AU,Technology,0.09,WISETECH GLOBAL LIMITED ORDINARY FULLY PAID DEFERRED SETTLEM,,AU000000WTC3
FND768,AMP AUSTRALASIAN SHARES FUND,PME,Pro Medicus,AU,Healthcare,0.09,PRO MEDICUS LTD,,AU000000PME0
FND768,AMP AUSTRALASIAN SHARES FUND,QAN,Qantas Airways,AU,Industrials,0.08,QANTAS AIRWAYS LIMITED,,AU000000QAN2
FND768,AMP AUSTRALASIAN SHARES FUND,JHX,James Hardie Industries,AU,Materials,0.08,James Hardie Industries Plc,,IE00BD1NXY58
FND768,AMP AUSTRALASIAN SHARES FUND,CAR,CAR Group,AU,Communications,0.07,CAR GROUP LIMITED ORDINARY FULLY PAID,,AU000000CAR4
FND768,AMP AUSTRALASIAN SHARES FUND,TLC,The Lottery Corporation,AU,Consumer Discretionary,0.07,LOTTERY CORPORATION LIMITED,,AU0000189734
FND768,AMP AUSTRALASIAN SHARES FUND,REA,REA Group,AU,Communications,0.06,REA GROUP LTD,,AU000000REA9
FND768,AMP AUSTRALASIAN SHARES FUND,ASX,ASX,AU,Financials,0.06,ASX LIMITED,,AU000000ASX7
FND768,AMP AUSTRALASIAN SHARES FUND,ORI,Orica,AU,Materials,0.05,ORICA LIMITED,,AU000000ORI1
FND768,AMP AUSTRALASIAN SHARES FUND,SHL,Sonic Healthcare,AU,Healthcare,0.05,SONIC HEALTHCARE LTD ORDINARY FULLY PAID,,AU000000SHL7
FND768,AMP AUSTRALASIAN SHARES FUND,BSL,BlueScope Steel,AU,Materials,0.05,BLUESCOPE STEEL LIMITED,,AU000000BSL0
FND768,AMP AUSTRALASIAN SHARES FUND,RHC,Ramsay Health Care,AU,Healthcare,0.03,RAMSAY HEALTH CARE,,AU000000RHC8
FND768,AMP AUSTRALASIAN SHARES FUND,CWY,Cleanaway Waste Management,AU,Industrials,0.03,CLEANAWAY WASTE MANAGEMENT LIMITED,,AU000000CWY6
FND768,AMP AUSTRALASIAN SHARES FUND,TWE,Treasury Wine Estates,AU,Consumer Staples,0.03,TREASURY WINE ESTATES LIMITED,,AU000000TWE9
FND768,AMP AUSTRALASIAN SHARES FUND,TAH,Tabcorp Holdings,AU,Consumer Discretionary,0.01,TABCORP HOLDINGS LTD,,AU000000TAH8
FND768,AMP AUSTRALASIAN SHARES FUND,REA,REA Group,AU,Communications,0.01,SERVICE STREAM LIMITED,,AU000000REA9
FND768,AMP AUSTRALASIAN SHARES FUND,SHL,Sonic Healthcare,AU,Healthcare,0.01,NANOSONICS LTD,,AU000000SHL7
FND768,AMP AUSTRALASIAN SHARES FUND,CAR,CAR Group,AU,Communications,0.01,REGIS HEALTHCARE LTD,,AU000000CAR4
FND768,AMP AUSTRALASIAN SHARES FUND,REA,REA Group,AU,Communications,0.0,QUALITAS REAL ESTATE INCOME FUND,,AU000000REA9
FND768,AMP AUSTRALASIAN SHARES FUND,MQG,Macquarie Group,AU,Financials,0.0,MACQUARIE TECHNOLOGY GROUP LIMITED ORDINARY FULLY PAID,,AU000000MQG1
FND768,AMP AUSTRALASIAN SHARES FUND,CAR,CAR Group,AU,Communications,0.0,HEALTHCO HEALTHCARE AND WELLNESS REIT ORDINARY UNITS FULLY P,,AU000000CAR4
FND1067,FISHER FUNDS TRANS TASMAN EQUITY TRUST,FPH,Fisher & Paykel Healthcare,NZ,Healthcare,9.81,Fisher & Paykel Healthcare Corp Ltd,,NZFAPE0001S2
FND1067,FISHER FUNDS TRANS TASMAN EQUITY TRUST,XRO,Xero,NZ,Technology,6.62,Xero Limited,,NZXROE0001S6
FND1067,FISHER FUNDS TRANS TASMAN EQUITY TRUST,IFT,Infratil,NZ,Infrastructure,5.71,Infratil Limited,,NZIFTE0003S3
FND1067,FISHER FUNDS TRANS TASMAN EQUITY TRUST,MFT,Mainfreight,NZ,Industrials,4.65,Mainfreight Limited,,NZMFTE0001S9
FND1067,FISHER FUNDS TRANS TASMAN EQUITY TRUST,CSL,CSL,AU,Healthcare,4.01,CSL Limited,,AU000000CSL8
FND1067,FISHER FUNDS TRANS TASMAN EQUITY TRUST,SUM,Summerset Group,NZ,Retirement,3.77,Summerset Group Ltd,,NZSUME0001S0
FND1067,FISHER FUNDS TRANS TASMAN EQUITY TRUST,WTC,WiseTech Global,AU,Technology,3.67,Wisetech Global Limited,,AU000000WTC3
FND1067,FISHER FUNDS TRANS TASMAN EQUITY TRUST,AIA,Auckland International Airport,NZ,Infrastructure,3.38,Auckland International Airport Limited,,NZAIAE0002S6
FND1067,FISHER FUNDS TRANS TASMAN EQUITY TRUST,EBO,EBOS Group,NZ,Healthcare,3.35,EBOS Group Limited Ordinary Shares,,NZEBOE0001S6
FND1067,FISHER FUNDS TRANS TASMAN EQUITY TRUST,MQG,Macquarie Group,AU,Financials,2.77,Macquarie Group Limited,,AU000000MQG1
FND1067,FISHER FUNDS TRANS TASMAN EQUITY TRUST,BHP,BHP Group,AU,Materials,2.59,BHP Group Limited,,AU000000BHP4
FND1067,FISHER FUNDS TRANS TASMAN EQUITY TRUST,CAR,CAR Group,AU,Communications,2.36,CAR Group Limited,,AU000000CAR4
FND1067,FISHER FUNDS TRANS TASMAN EQUITY TRUST,RMD,ResMed,AU,Healthcare,2.31,Resmed Inc,,US7611521078
FND1067,FISHER FUNDS TRANS TASMAN EQUITY TRUST,VGL,Vista Group International,NZ,Technology,2.28,Vista Group International Limited,,NZVGLE0003S1
FND1067,FISHER FUNDS TRANS TASMAN EQUITY TRUST,MEL,Meridian Energy,NZ,Gentailers,1.76,Meridian Energy Limited,,NZMELE0002S7
FND1067,FISHER FUNDS TRANS TASMAN EQUITY TRUST,CEN,Contact Energy,NZ,Gentailers,1.65,Contact Energy Limited,,NZCENE0001S6
FND1067,FISHER FUNDS TRANS TASMAN EQUITY TRUST,MCY,Mercury NZ,NZ,Gentailers,1.56,Mercury NZ Limited,,NZMRPE0001S2
FND1067,FISHER FUNDS TRANS TASMAN EQUITY TRUST,ANZ,ANZ Group Holdings,AU,Financials,1.53,ANZ Group Holdings Limited,,AU000000ANZ3
FND1067,FISHER FUNDS TRANS TASMAN EQUITY TRUST,NAB,National Australia Bank,AU,Financials,1.53,National Australia Bank Ords,,AU000000NAB4
FND1067,FISHER FUNDS TRANS TASMAN EQUITY TRUST,ATM,a2 Milk Company,NZ,Consumer Staples,1.5,The A2 Milk Company Limited,,NZATME0002S8
FND1067,FISHER FUNDS TRANS TASMAN EQUITY TRUST,POT,Port of Tauranga,NZ,Infrastructure,1.35,Port of Tauranga,,NZPOTE0003S0
FND1067,FISHER FUNDS TRANS TASMAN EQUITY TRUST,FRW,Freightways Group,NZ,Industrials,1.31,Freightways Group Limited,,NZFREE0001S0
FND1067,FISHER FUNDS TRANS TASMAN EQUITY TRUST,COH,Cochlear,AU,Healthcare,1.05,Cochlear Limited,,AU000000COH5
FND1067,FISHER FUNDS TRANS TASMAN EQUITY TRUST,CBA,Commonwealth Bank of Australia,AU,Financials,0.86,Commonwealth Bank Ord,,AU000000CBA7
FND1067,FISHER FUNDS TRANS TASMAN EQUITY TRUST,SKO,Serko,NZ,Technology,0.82,Serko Limited,,NZSKOE0001S7
FND1067,FISHER FUNDS TRANS TASMAN EQUITY TRUST,REA,REA Group,AU,Communications,0.82,REA Group Limited,,AU000000REA9
FND1067,FISHER FUNDS TRANS TASMAN EQUITY TRUST,VSL,Vulcan Steel,AU,Industrials,0.81,Vulcan Steel Limited,,AU0000181984
FND1067,FISHER FUNDS TRANS TASMAN EQUITY TRUST,DGL,Delegat Group,NZ,Consumer Staples,0.39,Delegat Group Limited,,NZDGLE0001S0
FND1623,NEW ZEALAND AND AUSTRALIAN SHARES,FBU,Fletcher Building,NZ,Industrials,6.19,Fletcher Building Ltd,,NZFBUE0001S0
FND1623,NEW ZEALAND AND AUSTRALIAN SHARES,CNU,Chorus,NZ,Telco,6.18,Chorus Ltd,,NZCNUE0001S2
FND1623,NEW ZEALAND AND AUSTRALIAN SHARES,RYM,Ryman Healthcare,NZ,Retirement,5.87,Ryman Healthcare Ltd,,NZRYME0001S4
FND1623,NEW ZEALAND AND AUSTRALIAN SHARES,MCY,Mercury NZ,NZ,Gentailers,5.72,Mercury NZ Ltd,,NZMRPE0001S2
FND1623,NEW ZEALAND AND AUSTRALIAN SHARES,MFT,Mainfreight,NZ,Industrials,5.72,Mainfreight Ltd,,NZMFTE0001S9
FND1623,NEW ZEALAND AND AUSTRALIAN SHARES,POT,Port of Tauranga,NZ,Infrastructure,5.19,Port of Tauranga Ltd,,NZPOTE0003S0
FND1623,NEW ZEALAND AND AUSTRALIAN SHARES,HGH,Heartland Group Holdings,NZ,Financials,4.94,Heartland Group Holdings Ltd,,NZHGHE0007S9
FND1623,NEW ZEALAND AND AUSTRALIAN SHARES,CSL,CSL,AU,Healthcare,4.53,CSL Ltd,,AU000000CSL8
FND1623,NEW ZEALAND AND AUSTRALIAN SHARES,IFT,Infratil,NZ,Infrastructure,3.87,Infratil Ltd,,NZIFTE0003S3
FND1623,NEW ZEALAND AND AUSTRALIAN SHARES,ATM,a2 Milk Company,NZ,Consumer Staples,3.77,a2 Milk Co Ltd,,NZATME0002S8
FND1623,NEW ZEALAND AND AUSTRALIAN SHARES,SUM,Summerset Group,NZ,Retirement,3.41,Summerset Group Holdings Ltd,,NZSUME0001S0
FND1623,NEW ZEALAND AND AUSTRALIAN SHARES,TWR,Tower,NZ,Financials,3.38,Tower Ltd,,NZTWRE0011S2
FND1623,NEW ZEALAND AND AUSTRALIAN SHARES,AIR,Air New Zealand,NZ,Industrials,3.35,Air New Zealand Ltd,,NZAIRE0001S2
FND1623,NEW ZEALAND AND AUSTRALIAN SHARES,FPH,Fisher & Paykel Healthcare,NZ,Healthcare,3.35,Fisher & Paykel Healthcare Corp,,NZFAPE0001S2
FND1623,NEW ZEALAND AND AUSTRALIAN SHARES,FRW,Freightways Group,NZ,Industrials,3.21,Freightways Ltd,,NZFREE0001S0
FND1623,NEW ZEALAND AND AUSTRALIAN SHARES,SPK,Spark New Zealand,NZ,Telco,3.13,Spark New Zealand Ltd,,NZTELE0001S4
FND1623,NEW ZEALAND AND AUSTRALIAN SHARES,VSL,Vulcan Steel,AU,Industrials,2.89,Vulcan Steel Ltd,,AU0000181984
FND1623,NEW ZEALAND AND AUSTRALIAN SHARES,CEN,Contact Energy,NZ,Gentailers,2.39,Contact Energy Ltd,,NZCENE0001S6
FND1623,NEW ZEALAND AND AUSTRALIAN SHARES,HLG,Hallenstein Glasson Holdings,NZ,Consumer Discretionary,1.85,Hallenstein Glasson Holdings Ltd,,NZHLGE0001S4
FND1623,NEW ZEALAND AND AUSTRALIAN SHARES,AIA,Auckland International Airport,NZ,Infrastructure,1.75,Auckland International Airport,,NZAIAE0002S6
FND1623,NEW ZEALAND AND AUSTRALIAN SHARES,KPG,Kiwi Property Group,NZ,Property,1.7,Kiwi Property Group Ltd,,NZKPGE0001S9
FND1623,NEW ZEALAND AND AUSTRALIAN SHARES,RIO,Rio Tinto,AU,Materials,1.55,Rio Tinto Ltd,,AU000000RIO1
FND1623,NEW ZEALAND AND AUSTRALIAN SHARES,EBO,EBOS Group,NZ,Healthcare,1.41,EBOS Group Ltd,,NZEBOE0001S6
FND1623,NEW ZEALAND AND AUSTRALIAN SHARES,XRO,Xero,NZ,Technology,1.3,Xero Ltd,,NZXROE0001S6
FND1623,NEW ZEALAND AND AUSTRALIAN SHARES,SPG,Stride Property Group,NZ,Property,0.82,Stride Property Group,,NZSPGE0001S2
FND1623,NEW ZEALAND AND AUSTRALIAN SHARES,PCT,Precinct Properties,NZ,Property,0.72,Precinct Properties Group,,NZAPTE0001S3
FND1623,NEW ZEALAND AND AUSTRALIAN SHARES,PFI,Property for Industry,NZ,Property,0.68,Property for Industry Ltd,,NZPFIE0001S5
FND1623,NEW ZEALAND AND AUSTRALIAN SHARES,MEL,Meridian Energy,NZ,Gentailers,0.59,Meridian Energy Ltd,,NZMELE0002S7
FND1623,NEW ZEALAND AND AUSTRALIAN SHARES,IPL,Investore Property,NZ,Property,0.25,Investore Property Ltd,,NZIPLE0001S3
FND1623,NEW ZEALAND AND AUSTRALIAN SHARES,BGP,Briscoe Group,NZ,Consumer Discretionary,0.24,Briscoe Group Ltd,,NZBGRE0001S4
