fund_id,fund_name,asset_name,weight_pct,isin,reason
FND2208,NEW ZEALAND SHARE FUND,Total (127 Holdings),100.0,,no master match
FND1067,FISHER FUNDS TRANS TASMAN EQUITY TRUST,SELL AUD:BUY NZD 07/11/25 07/11/2025,-20.73,,classified as fx
FND1067,FISHER FUNDS TRANS TASMAN EQUITY TRUST,BUY NZD:SELL AUD 07/11/25 07/11/2025,19.86,,classified as fx
FND1067,FISHER FUNDS TRANS TASMAN EQUITY TRUST,SELL AUD:BUY NZD 04/12/25 04/12/2025,-18.04,,classified as fx
FND1067,FISHER FUNDS TRANS TASMAN EQUITY TRUST,BUY NZD:SELL AUD 04/12/25 04/12/2025,17.58,,classified as fx
FND2935,SBS WEALTH AUSTRALASIAN EQUITY PORTFOLIO,Dimensional Australian Sustainability PIE Fund,17.53,,no master match
FND1425,HARBOUR AUSTRALASIAN EQUITY FOCUS FUND,SELL AUD:BUY NZD 12/12/2025,-10.14,,classified as fx
FND1425,HARBOUR AUSTRALASIAN EQUITY FOCUS FUND,BUY NZD:SELL AUD 12/12/2025,9.95,,classified as fx
FND1208,FISHER FUNDS NEW ZEALAND GROWTH FUND,SELL AUD:BUY NZD 04/12/25 04/12/2025,-8.18,,classified as fx
FND1240,FISHER FUNDS PREMIUM NEW ZEALAND FUND,SELL AUD:BUY NZD 04/12/25 04/12/2025,-8.17,,classified as fx
FND1208,FISHER FUNDS NEW ZEALAND GROWTH FUND,BUY NZD:SELL AUD 04/12/25 04/12/2025,7.97,,classified as fx
FND1240,FISHER FUNDS PREMIUM NEW ZEALAND FUND,BUY NZD:SELL AUD 04/12/25 04/12/2025,7.96,,classified as fx
FND1421,HARBOUR AUSTRALASIAN EQUITY FUND,SELL AUD:BUY NZD 12/12/2025,-6.79,,classified as fx
FND1421,HARBOUR AUSTRALASIAN EQUITY FUND,BUY NZD:SELL AUD 12/12/2025,6.65,,classified as fx
FND326,QUAYSTREET NEW ZEALAND EQUITY FUND,CASH ANZNZ (NZD),6.4,,classified as cash
FND1425,HARBOUR AUSTRALASIAN EQUITY FOCUS FUND,Life360,5.01,,no master match
FND1623,NEW ZEALAND AND AUSTRALIAN SHARES,Goldman Sachs Futures,4.31,,no master match
FND2935,SBS WEALTH AUSTRALASIAN EQUITY PORTFOLIO,Cash Deposit (ANZ Bank),4.17,,classified as cash
FND16067,CLARITY NEW ZEALAND EQUITY FUND,NZD Cash at Bank,4.02,,no master match
FND967,AUSTRALIAN EQUITIES FUND (OCTAGON),Australia and New Zealand Banking Group Limited,3.91,,no master match
FND1623,NEW ZEALAND AND AUSTRALIAN SHARES,Westpac Cash,3.45,,classified as cash
FND1425,HARBOUR AUSTRALASIAN EQUITY FOCUS FUND,Challenger,3.34,,no master match
FND1425,HARBOUR AUSTRALASIAN EQUITY FOCUS FUND,Telix Pharmaceuticals,3.33,,no master match
FND44367,GENERATE AUSTRALASIAN MANAGED FUND,NZD Total Cash at Bank,3.04,,no master match
FND1067,FISHER FUNDS TRANS TASMAN EQUITY TRUST,ANZ 10 A/C - Current Accounts,2.95,,classified as cash
FND1240,FISHER FUNDS PREMIUM NEW ZEALAND FUND,ANZ 10 A/C - Current Accounts,2.78,,classified as cash
FND1208,FISHER FUNDS NEW ZEALAND GROWTH FUND,ANZ 10 A/C - Current Accounts,2.64,,classified as cash
FND900,MINT AUSTRALASIAN EQUITY FUND,Telix Pharmaceuticals Ltd,2.55,,no master match
FND1067,FISHER FUNDS TRANS TASMAN EQUITY TRUST,Seek Limited,2.49,,no master match
FND1067,FISHER FUNDS TRANS TASMAN EQUITY TRUST,Brambles Limited,2.43,,no master match
FND2935,SBS WEALTH AUSTRALASIAN EQUITY PORTFOLIO,Precinct Prop NZ Ltd & Prec Prop Inv Lt,2.36,,no master match
FND1067,FISHER FUNDS TRANS TASMAN EQUITY TRUST,Johns Lyng Group Limited,2.29,,no master match
FND1421,HARBOUR AUSTRALASIAN EQUITY FUND,Life360,2.17,,no master match
FND1067,FISHER FUNDS TRANS TASMAN EQUITY TRUST,SELL USD:BUY NZD 04/12/25 04/12/2025,-2.17,,classified as fx
FND1067,FISHER FUNDS TRANS TASMAN EQUITY TRUST,BUY NZD:SELL USD 04/12/25 04/12/2025,2.13,,classified as fx
FND22677,MINT NEW ZEALAND SRI EQUITY FUND,Cash at Bank,2.11,,classified as cash
FND901,CLARITY TRANS-TASMAN VALUE FUND,NZD Cash at Bank,2.1,,no master match
FND1067,FISHER FUNDS TRANS TASMAN EQUITY TRUST,AUB Group Limited,2.09,,no master match
FND1067,FISHER FUNDS TRANS TASMAN EQUITY TRUST,Atlassian Corp,2.06,,no master match
FND1623,NEW ZEALAND AND AUSTRALIAN SHARES,Citibank Australia Cash,2.04,,classified as cash
FND1421,HARBOUR AUSTRALASIAN EQUITY FUND,Challenger,2.02,,no master match
FND900,MINT AUSTRALASIAN EQUITY FUND,SRG Global Ltd,1.97,,no master match
FND1505,DEVON TRANS-TASMAN FUND,AUD Cash at Bank,1.86,,no master match
FND44367,GENERATE AUSTRALASIAN MANAGED FUND,Aust and NZ Banking Group,1.85,,no master match
FND1421,HARBOUR AUSTRALASIAN EQUITY FUND,Telix Pharmaceuticals,1.79,,no master match
FND1067,FISHER FUNDS TRANS TASMAN EQUITY TRUST,Fineos Corporation Holdings PLC,1.7,,no master match
FND900,MINT AUSTRALASIAN EQUITY FUND,Challenger Financial Service,1.64,,no master match
FND1505,DEVON TRANS-TASMAN FUND,GPT Group,1.6,,no master match
FND1067,FISHER FUNDS TRANS TASMAN EQUITY TRUST,Maas Group Holdings Limited,1.58,,no master match
FND44367,GENERATE AUSTRALASIAN MANAGED FUND,HomeCo Daily Needs REIT,1.57,,no master match
FND1505,DEVON TRANS-TASMAN FUND,Dalrymple Bay Infrastructure Ltd,1.56,,no master match
FND1505,DEVON TRANS-TASMAN FUND,AUB Group Limited,1.53,,no master match
FND16067,CLARITY NEW ZEALAND EQUITY FUND,AFT Pharmaceuticals Ltd,1.51,,no master match
FND1425,HARBOUR AUSTRALASIAN EQUITY FOCUS FUND,Aroa Biosurgery,1.5,,no master match
FND901,CLARITY TRANS-TASMAN VALUE FUND,Capstone Copper Corp,1.49,,no master match
FND901,CLARITY TRANS-TASMAN VALUE FUND,AFT Pharmaceuticals Ltd,1.48,,no master match
FND1067,FISHER FUNDS TRANS TASMAN EQUITY TRUST,Credit Corp Group Limited,1.47,,no master match
FND16067,CLARITY NEW ZEALAND EQUITY FUND,Sky City Entertainment Group,1.45,,no master match
FND967,AUSTRALIAN EQUITIES FUND (OCTAGON),Viva Energy Group Limited,1.4,,no master match
FND967,AUSTRALIAN EQUITIES FUND (OCTAGON),Integral Diagnositcs Ltd,1.38,,no master match
FND1067,FISHER FUNDS TRANS TASMAN EQUITY TRUST,BUY AUD:SELL NZD 04/12/25 04/12/2025,1.37,,classified as fx
FND44367,GENERATE AUSTRALASIAN MANAGED FUND,Mirvac Group,1.35,,no master match
FND967,AUSTRALIAN EQUITIES FUND (OCTAGON),Flight Centre Travel Group Limited,1.35,,no master match
FND967,AUSTRALIAN EQUITIES FUND (OCTAGON),Brambles Limited,1.34,,no master match
FND1067,FISHER FUNDS TRANS TASMAN EQUITY TRUST,PWR Holdings Limited,1.34,,no master match
FND1067,FISHER FUNDS TRANS TASMAN EQUITY TRUST,SELL NZD:BUY AUD 04/12/25 04/12/2025,-1.33,,classified as fx
FND901,CLARITY TRANS-TASMAN VALUE FUND,Sky City Entertainment Group,1.32,,no master match
FND1067,FISHER FUNDS TRANS TASMAN EQUITY TRUST,JPMorgan AUD Fishers - Current Accounts,1.31,,classified as cash
FND1067,FISHER FUNDS TRANS TASMAN EQUITY TRUST,NEXTDC Limited,1.3,,no master match
FND901,CLARITY TRANS-TASMAN VALUE FUND,Dexus,1.26,,no master match
FND967,AUSTRALIAN EQUITIES FUND (OCTAGON),NEXTDC Limited,1.24,,no master match
FND1505,DEVON TRANS-TASMAN FUND,Stockland Ltd,1.24,,no master match
FND900,MINT AUSTRALASIAN EQUITY FUND,Charter Hall Group,1.18,,no master match
FND967,AUSTRALIAN EQUITIES FUND (OCTAGON),Emeco Holdings Ltd,1.17,,no master match
FND1421,HARBOUR AUSTRALASIAN EQUITY FUND,Breville Group,1.14,,no master match
FND2935,SBS WEALTH AUSTRALASIAN EQUITY PORTFOLIO,NZClear - Payables,-1.14,,classified as settlement
FND967,AUSTRALIAN EQUITIES FUND (OCTAGON),SGH Limited,1.12,,no master match
FND967,AUSTRALIAN EQUITIES FUND (OCTAGON),Atlas Arteria Group,1.11,,no master match
FND44367,GENERATE AUSTRALASIAN MANAGED FUND,Charter Hall Group,1.09,,no master match
FND967,AUSTRALIAN EQUITIES FUND (OCTAGON),Challenger Limited,1.08,,no master match
FND1505,DEVON TRANS-TASMAN FUND,Seek Ltd,1.08,,no master match
FND44367,GENERATE AUSTRALASIAN MANAGED FUND,Insurance Australia Group,1.07,,no master match
FND901,CLARITY TRANS-TASMAN VALUE FUND,ALS Ltd,1.06,,no master match
FND901,CLARITY TRANS-TASMAN VALUE FUND,Challenger Financial Service,1.05,,no master match
FND44367,GENERATE AUSTRALASIAN MANAGED FUND,Property Income Fund Ltd,1.05,,no master match
FND901,CLARITY TRANS-TASMAN VALUE FUND,Centuria Industrial Reit,1.01,,no master match
FND901,CLARITY TRANS-TASMAN VALUE FUND,Seek Ltd,1.01,,no master match
FND44367,GENERATE AUSTRALASIAN MANAGED FUND,GPT Group,1.01,,no master match
FND901,CLARITY TRANS-TASMAN VALUE FUND,Steadfast Group Ltd,0.99,,no master match
FND967,AUSTRALIAN EQUITIES FUND (OCTAGON),Insurance Australia Group Limited,0.99,,no master match
FND1425,HARBOUR AUSTRALASIAN EQUITY FOCUS FUND,PEXA Group,0.98,,no master match
FND901,CLARITY TRANS-TASMAN VALUE FUND,Dexus Convenience Retail REIT,0.97,,no master match
FND1067,FISHER FUNDS TRANS TASMAN EQUITY TRUST,Ooh!Media Limited,0.96,,no master match
FND1421,HARBOUR AUSTRALASIAN EQUITY FUND,Aroa Biosurgery,0.94,,no master match
FND806,NEW ZEALAND EQUITIES FUND (OCTAGON),Michael Hill International Ltd,0.9,,no master match
FND967,AUSTRALIAN EQUITIES FUND (OCTAGON),Downer EDI Limited,0.89,,no master match
FND45300,NZ COMPANIES FUND,Michael Hill International Ltd,0.89,,no master match
FND1425,HARBOUR AUSTRALASIAN EQUITY FOCUS FUND,Breville Group,0.89,,no master match
FND20455,SALT CORE NZ SHARES FUND,New Zealand Exchange Ltd,0.88,,no master match
FND1505,DEVON TRANS-TASMAN FUND,NZD Cash at Bank,0.87,,no master match
FND967,AUSTRALIAN EQUITIES FUND (OCTAGON),AUDNZD Forward Currency 20251104,-0.83,,classified as fx
FND901,CLARITY TRANS-TASMAN VALUE FUND,Debtors,0.82,,no master match
FND806,NEW ZEALAND EQUITIES FUND (OCTAGON),Restaurant Brands New Zealand Limited,0.82,,no master match
FND45300,NZ COMPANIES FUND,Restaurant Brands New Zealand Limited,0.81,,no master match
FND1067,FISHER FUNDS TRANS TASMAN EQUITY TRUST,Ansell Limited,0.81,,no master match
FND967,AUSTRALIAN EQUITIES FUND (OCTAGON),APA Group Limited,0.8,,no master match
FND20455,SALT CORE NZ SHARES FUND,Debtors,0.78,,no master match
FND806,NEW ZEALAND EQUITIES FUND (OCTAGON),NZME Limited,0.78,,no master match
FND967,AUSTRALIAN EQUITIES FUND (OCTAGON),Resimac Group Ltd,0.78,,no master match
FND45300,NZ COMPANIES FUND,NZME Limited,0.78,,no master match
FND2935,SBS WEALTH AUSTRALASIAN EQUITY PORTFOLIO,Application,0.77,,no master match
FND967,AUSTRALIAN EQUITIES FUND (OCTAGON),Charter Hall Group Limited,0.76,,no master match
FND901,CLARITY TRANS-TASMAN VALUE FUND,AUD Cash at Bank,0.75,,no master match
FND44367,GENERATE AUSTRALASIAN MANAGED FUND,Dexus,0.73,,no master match
FND1067,FISHER FUNDS TRANS TASMAN EQUITY TRUST,BUY AUD:SELL NZD 07/11/25 07/11/2025,0.72,,classified as fx
FND967,AUSTRALIAN EQUITIES FUND (OCTAGON),Light & Wonder Inc,0.71,,no master match
FND1425,HARBOUR AUSTRALASIAN EQUITY FOCUS FUND,AMP,0.71,,no master match
FND1067,FISHER FUNDS TRANS TASMAN EQUITY TRUST,SELL NZD:BUY AUD 07/11/25 07/11/2025,-0.69,,classified as fx
FND1067,FISHER FUNDS TRANS TASMAN EQUITY TRUST,ANZ Margin Ac Swp NZ - Deposit Accounts,0.68,,classified as cash
FND1421,HARBOUR AUSTRALASIAN EQUITY FUND,PEXA Group,0.67,,no master match
FND1623,NEW ZEALAND AND AUSTRALIAN SHARES,Citibank New Zealand Cash,0.66,,classified as cash
FND967,AUSTRALIAN EQUITIES FUND (OCTAGON),Metcash Limited,0.63,,no master match
FND1505,DEVON TRANS-TASMAN FUND,New Zealand Exchange Ltd,0.63,,no master match
FND1505,DEVON TRANS-TASMAN FUND,Creditors,-0.6,,no master match
FND967,AUSTRALIAN EQUITIES FUND (OCTAGON),Domino's Pizza Enterprises Limited,0.56,,no master match
FND967,AUSTRALIAN EQUITIES FUND (OCTAGON),IRESS Limited,0.56,,no master match
FND1421,HARBOUR AUSTRALASIAN EQUITY FUND,ANZ NZD Cash,0.55,,classified as cash
FND967,AUSTRALIAN EQUITIES FUND (OCTAGON),Endeavour Group Ltd,0.55,,no master match
FND1067,FISHER FUNDS TRANS TASMAN EQUITY TRUST,Reece Limited,0.55,,no master match
FND20455,SALT CORE NZ SHARES FUND,Dexus Industria REIT,0.54,,no master match
FND44367,GENERATE AUSTRALASIAN MANAGED FUND,Brambles Ltd,0.54,,no master match
FND1623,NEW ZEALAND AND AUSTRALIAN SHARES,Citibank New Zealand Safekeeping,0.53,,no master match
FND900,MINT AUSTRALASIAN EQUITY FUND,PCTNZ 7.56% 21/09/26,0.52,,no master match
FND967,AUSTRALIAN EQUITIES FUND (OCTAGON),Karoon Energy Ltd,0.51,,no master match
FND967,AUSTRALIAN EQUITIES FUND (OCTAGON),Telix Pharmaceuticals Limited,0.51,,no master match
FND22677,MINT NEW ZEALAND SRI EQUITY FUND,PCTNZ 7.56% 21/09/26,0.5,,no master match
FND900,MINT AUSTRALASIAN EQUITY FUND,Clinuvel Pharmaceuticals Ltd,0.5,,no master match
FND1505,DEVON TRANS-TASMAN FUND,Light & Wonder Inc,0.5,,no master match
FND768,AMP AUSTRALASIAN SHARES FUND,STRIDE STAPLED GRP NPV UNITS,0.5,,no master match
FND768,AMP AUSTRALASIAN SHARES FUND,Australia and New Zealand Banking Group Ltd,0.5,,no master match
FND1623,NEW ZEALAND AND AUSTRALIAN SHARES,FORWARD AUDNZD,-0.5,,classified as fx
FND806,NEW ZEALAND EQUITIES FUND (OCTAGON),New Zealand Rural Land Company,0.49,,no master match
FND45300,NZ COMPANIES FUND,New Zealand Rural Land Company,0.49,,no master match
FND1505,DEVON TRANS-TASMAN FUND,Block Inc,0.49,,no master match
FND900,MINT AUSTRALASIAN EQUITY FUND,PEXA Group Ltd,0.48,,no master match
FND1067,FISHER FUNDS TRANS TASMAN EQUITY TRUST,Audinate Group Limited,0.48,,no master match
FND16067,CLARITY NEW ZEALAND EQUITY FUND,Debtors,0.47,,no master match
FND967,AUSTRALIAN EQUITIES FUND (OCTAGON),AUB Group Limited,0.47,,no master match
FND967,AUSTRALIAN EQUITIES FUND (OCTAGON),"Block, Inc",0.47,,no master match
FND326,QUAYSTREET NEW ZEALAND EQUITY FUND,STRIDE STAPLED GROUP,0.46,,no master match
FND806,NEW ZEALAND EQUITIES FUND (OCTAGON),My Food Bag Group Ltd,0.45,,no master match
FND967,AUSTRALIAN EQUITIES FUND (OCTAGON),Mirvac Group,0.45,,no master match
FND45300,NZ COMPANIES FUND,My Food Bag Group Ltd,0.45,,no master match
FND2935,SBS WEALTH AUSTRALASIAN EQUITY PORTFOLIO,NZClear - Receivables,0.45,,classified as settlement
FND326,QUAYSTREET NEW ZEALAND EQUITY FUND,CASH CITIBANK (NZD),0.45,,classified as cash
FND20455,SALT CORE NZ SHARES FUND,Cash at Bank,0.44,,classified as cash
FND967,AUSTRALIAN EQUITIES FUND (OCTAGON),JP Morgan Chase & Co. AUD Cash Deposit,-0.44,,no master match
FND326,QUAYSTREET NEW ZEALAND EQUITY FUND,CASH CITIBANK (AUD),0.44,,classified as cash
FND44367,GENERATE AUSTRALASIAN MANAGED FUND,NZD Total Sundry Items,0.43,,no master match
FND967,AUSTRALIAN EQUITIES FUND (OCTAGON),Stockland Corporation Limited,0.43,,no master match
FND1425,HARBOUR AUSTRALASIAN EQUITY FOCUS FUND,Generation Development Group,0.43,,no master match
FND768,AMP AUSTRALASIAN SHARES FUND,Income Due - NZD,0.43,,no master match
FND45300,NZ COMPANIES FUND,BNZ transactional bank account,0.42,,no master match
FND20455,SALT CORE NZ SHARES FUND,Vicinity Centres,0.41,,no master match
FND1505,DEVON TRANS-TASMAN FUND,Telix Pharmaceuticals Ltd,0.4,,no master match
FND900,MINT AUSTRALASIAN EQUITY FUND,Cash at Bank,0.39,,classified as cash
FND1421,HARBOUR AUSTRALASIAN EQUITY FUND,Generation Development Group,0.38,,no master match
FND967,AUSTRALIAN EQUITIES FUND (OCTAGON),Beach Energy Ltd,0.38,,no master match
FND967,AUSTRALIAN EQUITIES FUND (OCTAGON),Steadfast Group Limited,0.38,,no master match
FND901,CLARITY TRANS-TASMAN VALUE FUND,Debtors,0.37,,no master match
FND22677,MINT NEW ZEALAND SRI EQUITY FUND,Debtors,0.36,,no master match
FND967,AUSTRALIAN EQUITIES FUND (OCTAGON),Webjet Limited,0.36,,no master match
FND967,AUSTRALIAN EQUITIES FUND (OCTAGON),AUDNZD Forward Currency 20251128,-0.36,,classified as fx
FND967,AUSTRALIAN EQUITIES FUND (OCTAGON),Aurizon Holdings Limited,0.35,,no master match
FND967,AUSTRALIAN EQUITIES FUND (OCTAGON),Super Retail Group Limited,0.35,,no master match
FND2208,NEW ZEALAND SHARE FUND,Payables,-0.34,,no master match
FND967,AUSTRALIAN EQUITIES FUND (OCTAGON),AMP Limited,0.34,,no master match
FND22677,MINT NEW ZEALAND SRI EQUITY FUND,Debtors,0.33,,no master match
FND967,AUSTRALIAN EQUITIES FUND (OCTAGON),Centuria Industrial REIT,0.33,,no master match
FND967,AUSTRALIAN EQUITIES FUND (OCTAGON),AGL Energy Limited,0.32,,no master match
FND900,MINT AUSTRALASIAN EQUITY FUND,Debtors,0.32,,no master match
FND768,AMP AUSTRALASIAN SHARES FUND,Currency Forward,-0.32,,classified as fx
FND1421,HARBOUR AUSTRALASIAN EQUITY FUND,AMP,0.3,,no master match
FND967,AUSTRALIAN EQUITIES FUND (OCTAGON),Smartgroup Corporation Limited,0.3,,no master match
FND967,AUSTRALIAN EQUITIES FUND (OCTAGON),Lynas Rare Earths Limited,0.3,,no master match
FND768,AMP AUSTRALASIAN SHARES FUND,NZ EXCHANGE LTD,0.3,,no master match
FND20455,SALT CORE NZ SHARES FUND,Creditors,-0.28,,no master match
FND1425,HARBOUR AUSTRALASIAN EQUITY FOCUS FUND,ANZ NZD Cash,0.28,,classified as cash
FND1425,HARBOUR AUSTRALASIAN EQUITY FOCUS FUND,JPM AUD Call A/c,0.28,,classified as cash
FND1623,NEW ZEALAND AND AUSTRALIAN SHARES,NZD,-0.28,,no master match
FND1505,DEVON TRANS-TASMAN FUND,Debtors,0.27,,no master match
FND1067,FISHER FUNDS TRANS TASMAN EQUITY TRUST,BNZ Margin Ac Swp NZ - Deposit Accounts,0.26,,classified as cash
FND901,CLARITY TRANS-TASMAN VALUE FUND,Creditors,-0.25,,no master match
FND967,AUSTRALIAN EQUITIES FUND (OCTAGON),Pilbara Minerals LTD,0.25,,no master match
FND1505,DEVON TRANS-TASMAN FUND,Debtors,0.25,,no master match
FND1505,DEVON TRANS-TASMAN FUND,Debtors,0.25,,no master match
FND1421,HARBOUR AUSTRALASIAN EQUITY FUND,AoFrio,0.24,,no master match
FND806,NEW ZEALAND EQUITIES FUND (OCTAGON),Comvita Limited,0.24,,no master match
FND967,AUSTRALIAN EQUITIES FUND (OCTAGON),National Storage Reit,0.24,,no master match
FND1240,FISHER FUNDS PREMIUM NEW ZEALAND FUND,NZClear - Nett Settlement,0.23,,classified as settlement
FND45300,NZ COMPANIES FUND,Comvita Limited,0.23,,no master match
FND1505,DEVON TRANS-TASMAN FUND,Creditors,-0.23,,no master match
FND1208,FISHER FUNDS NEW ZEALAND GROWTH FUND,NZClear - Nett Settlement,0.23,,classified as settlement
FND768,AMP AUSTRALASIAN SHARES FUND,Outstanding Settlement Receipts - AUD,0.23,,classified as settlement
FND44367,GENERATE AUSTRALASIAN MANAGED FUND,AUD Total Cash at Bank,0.22,,no master match
FND967,AUSTRALIAN EQUITIES FUND (OCTAGON),Webjet Group Limited,0.22,,no master match
FND1067,FISHER FUNDS TRANS TASMAN EQUITY TRUST,Dominos Pizza Enterprises Limited,0.22,,no master match
FND1505,DEVON TRANS-TASMAN FUND,Creditors,-0.21,,no master match
FND1623,NEW ZEALAND AND AUSTRALIAN SHARES,SPI 200 XP Future Series XPZ5,-0.21,,no master match
FND20455,SALT CORE NZ SHARES FUND,Cash at Bank,0.2,,classified as cash
FND967,AUSTRALIAN EQUITIES FUND (OCTAGON),Independence Group NL,0.2,,no master match
FND1421,HARBOUR AUSTRALASIAN EQUITY FUND,Clarity Pharmaceuticals,0.19,,no master match
FND967,AUSTRALIAN EQUITIES FUND (OCTAGON),Rural Funds Group,0.19,,no master match
FND967,AUSTRALIAN EQUITIES FUND (OCTAGON),Sandfire Resources NL,0.19,,no master match
FND1505,DEVON TRANS-TASMAN FUND,Debtors,0.19,,no master match
FND901,CLARITY TRANS-TASMAN VALUE FUND,Debtors,0.18,,no master match
FND1421,HARBOUR AUSTRALASIAN EQUITY FUND,Alterity Therapeutics,0.18,,no master match
FND44367,GENERATE AUSTRALASIAN MANAGED FUND,AUD Total Currency Contracts - OSEQ,-0.18,,no master match
FND967,AUSTRALIAN EQUITIES FUND (OCTAGON),IOOF Holdings Limited,0.18,,no master match
FND768,AMP AUSTRALASIAN SHARES FUND,BNP NZD Account,0.18,,no master match
FND16067,CLARITY NEW ZEALAND EQUITY FUND,Debtors,0.17,,no master match
FND967,AUSTRALIAN EQUITIES FUND (OCTAGON),Lifestyle Communities Limited,0.17,,no master match
FND967,AUSTRALIAN EQUITIES FUND (OCTAGON),Santana Minerals Ltd,0.17,,no master match
FND768,AMP AUSTRALASIAN SHARES FUND,BRAMBLES LIMITED,0.17,,no master match
FND1240,FISHER FUNDS PREMIUM NEW ZEALAND FUND,BNZ Margin Ac Swp NZ - Deposit Accounts,0.16,,classified as cash
FND1208,FISHER FUNDS NEW ZEALAND GROWTH FUND,BNZ Margin Ac Swp NZ - Deposit Accounts,0.16,,classified as cash
FND967,AUSTRALIAN EQUITIES FUND (OCTAGON),JP Morgan Chase & Co. USD Cash Deposit,0.15,,no master match
FND22677,MINT NEW ZEALAND SRI EQUITY FUND,Creditors,-0.14,,no master match
FND967,AUSTRALIAN EQUITIES FUND (OCTAGON),Mcmillan Shakespeare Limited,0.14,,no master match
FND22677,MINT NEW ZEALAND SRI EQUITY FUND,Debtors,0.13,,no master match
FND901,CLARITY TRANS-TASMAN VALUE FUND,Debtors,0.12,,no master match
FND1421,HARBOUR AUSTRALASIAN EQUITY FUND,JPM AUD Call A/c,0.11,,classified as cash
FND967,AUSTRALIAN EQUITIES FUND (OCTAGON),Ventia Services Group,0.11,,no master match
FND967,AUSTRALIAN EQUITIES FUND (OCTAGON),GWA Group,0.11,,no master match
FND900,MINT AUSTRALASIAN EQUITY FUND,Debtors,0.11,,no master match
FND900,MINT AUSTRALASIAN EQUITY FUND,Debtors,0.11,,no master match
FND1067,FISHER FUNDS TRANS TASMAN EQUITY TRUST,NZClear - Nett Settlement,0.11,,classified as settlement
FND967,AUSTRALIAN EQUITIES FUND (OCTAGON),AUDNZD Forward Currency 20251230,-0.1,,classified as fx
FND768,AMP AUSTRALASIAN SHARES FUND,INSURANCE AUSTRALIA GROUP LIMITED,0.1,,no master match
FND2208,NEW ZEALAND SHARE FUND,Other,-0.09,,no master match
FND900,MINT AUSTRALASIAN EQUITY FUND,Creditors,-0.09,,no master match
FND900,MINT AUSTRALASIAN EQUITY FUND,AUDNZD Maturing 30/10/2025 (CBA AU),-0.09,,no master match
FND900,MINT AUSTRALASIAN EQUITY FUND,AUDNZD Maturing 30/10/2025 (4113034Z NZ),-0.09,,no master match
FND1505,DEVON TRANS-TASMAN FUND,Debtors,0.09,,no master match
FND44367,GENERATE AUSTRALASIAN MANAGED FUND,Seek Ltd,0.08,,no master match
FND967,AUSTRALIAN EQUITIES FUND (OCTAGON),Breville Goup Ltd,0.08,,no master match
FND967,AUSTRALIAN EQUITIES FUND (OCTAGON),Harvey Norman Holdings Limited,0.08,,no master match
FND900,MINT AUSTRALASIAN EQUITY FUND,Creditors,-0.08,,no master match
FND1505,DEVON TRANS-TASMAN FUND,Creditors,-0.08,,no master match
FND768,AMP AUSTRALASIAN SHARES FUND,STOCKLAND,0.07,,no master match
FND768,AMP AUSTRALASIAN SHARES FUND,ASB cash account,0.07,,classified as cash
FND768,AMP AUSTRALASIAN SHARES FUND,Lynas Rare Earths Ltd,0.07,,no master match
FND768,AMP AUSTRALASIAN SHARES FUND,SIGMA PHARMACEUTICALS LIMITED ORDINARY FULLY PAID,0.07,,no master match
FND768,AMP AUSTRALASIAN SHARES FUND,MEDIBANK PRIVATE LIMITED,0.07,,no master match
FND22677,MINT NEW ZEALAND SRI EQUITY FUND,Creditors,-0.06,,no master match
FND16067,CLARITY NEW ZEALAND EQUITY FUND,Creditors,-0.06,,no master match
FND900,MINT AUSTRALASIAN EQUITY FUND,Debtors,0.06,,no master match
FND768,AMP AUSTRALASIAN SHARES FUND,JB HI-FI LIMITED,0.06,,no master match
FND768,AMP AUSTRALASIAN SHARES FUND,TECHNOLOGY ONE LIMITED,0.06,,no master match
FND901,CLARITY TRANS-TASMAN VALUE FUND,Creditors,-0.05,,no master match
FND20455,SALT CORE NZ SHARES FUND,AUDNZD Maturing 17/10/2025 (4113034Z NZ),-0.05,,no master match
FND900,MINT AUSTRALASIAN EQUITY FUND,Cash at Bank,0.05,,classified as cash
FND900,MINT AUSTRALASIAN EQUITY FUND,Creditors,-0.05,,no master match
FND2935,SBS WEALTH AUSTRALASIAN EQUITY PORTFOLIO,JPM AUD Call A/c - Receivables,0.05,,classified as cash
FND768,AMP AUSTRALASIAN SHARES FUND,NEXTDC LIMITED ORDINARY FULLY PAID,0.05,,no master match
FND768,AMP AUSTRALASIAN SHARES FUND,CHARTER HALL GROUP,0.05,,no master match
FND768,AMP AUSTRALASIAN SHARES FUND,GPT GROUP,0.05,,no master match
FND768,AMP AUSTRALASIAN SHARES FUND,SEEK LIMITED,0.05,,no master match
FND768,AMP AUSTRALASIAN SHARES FUND,ALS LIMITED,0.05,,no master match
FND768,AMP AUSTRALASIAN SHARES FUND,BNP PARIBAS NOMINEES,0.05,,no master match
FND768,AMP AUSTRALASIAN SHARES FUND,VICINITY CENTRES ORDINARY UNITS FULLY PAID,0.05,,no master match
FND768,AMP AUSTRALASIAN SHARES FUND,MIRVAC GROUP PROPERTY TRUST,0.05,,no master match
FND1623,NEW ZEALAND AND AUSTRALIAN SHARES,Citibank Australia Safekeeping,0.05,,no master match
FND22677,MINT NEW ZEALAND SRI EQUITY FUND,Creditors,-0.04,,no master match
FND1421,HARBOUR AUSTRALASIAN EQUITY FUND,Imugene,0.04,,no master match
FND900,MINT AUSTRALASIAN EQUITY FUND,Debtors,0.04,,no master match
FND768,AMP AUSTRALASIAN SHARES FUND,HUB24 LIMITED ORDINARY FULLY PAID,0.04,,no master match
FND768,AMP AUSTRALASIAN SHARES FUND,DEXUS,0.04,,no master match
FND768,AMP AUSTRALASIAN SHARES FUND,PILBARA MINERALS LTD,0.04,,no master match
FND768,AMP AUSTRALASIAN SHARES FUND,BENDIGO AND ADELAIDE BANK LIMITED,0.04,,no master match
FND768,AMP AUSTRALASIAN SHARES FUND,RAMELIUS RESOURCES LIMITED,0.04,,no master match
FND768,AMP AUSTRALASIAN SHARES FUND,WORLEY LIMITED,0.04,,no master match
FND901,CLARITY TRANS-TASMAN VALUE FUND,Creditors,-0.03,,no master match
FND16067,CLARITY NEW ZEALAND EQUITY FUND,Creditors,-0.03,,no master match
FND768,AMP AUSTRALASIAN SHARES FUND,QUBE HOLDINGS LIMITED,0.03,,no master match
FND768,AMP AUSTRALASIAN SHARES FUND,PERSEUS MINING LTD,0.03,,no master match
FND768,AMP AUSTRALASIAN SHARES FUND,SANDFIRE RESOURCES LIMITED ORDINARY FULLY PAID,0.03,,no master match
FND768,AMP AUSTRALASIAN SHARES FUND,STEADFAST GROUP LIMITED,0.03,,no master match
FND768,AMP AUSTRALASIAN SHARES FUND,GENESIS MINERALS LTD,0.03,,no master match
FND768,AMP AUSTRALASIAN SHARES FUND,Income Due - AUD,0.03,,no master match
FND768,AMP AUSTRALASIAN SHARES FUND,DYNO NOBEL LIMITED ORDINARY FULLY PAID,0.03,,no master match
FND768,AMP AUSTRALASIAN SHARES FUND,AURIZON HOLDINGS LIMITED,0.03,,no master match
FND768,AMP AUSTRALASIAN SHARES FUND,ENDEAVOUR GROUP LIMITED ORDINARY FULLY PAID DEFERRED SETTLEM,0.03,,no master match
FND768,AMP AUSTRALASIAN SHARES FUND,ZIP CO LIMITED ORDINARY FULLY PAID,0.03,,no master match
FND768,AMP AUSTRALASIAN SHARES FUND,CAPRICORN METALS LTD ORDINARY FULLY PAID,0.03,,no master match
FND768,AMP AUSTRALASIAN SHARES FUND,ATLAS ARTERIA ORDINARY STAPLED SECURITIES,0.03,,no master match
FND22677,MINT NEW ZEALAND SRI EQUITY FUND,Creditors,-0.02,,no master match
FND20455,SALT CORE NZ SHARES FUND,AUDNZD Maturing 10/10/2025 (CBA AU),-0.02,,no master match
FND1421,HARBOUR AUSTRALASIAN EQUITY FUND,Alterity Option 26/02/2027 0.028,0.02,,no master match
FND44367,GENERATE AUSTRALASIAN MANAGED FUND,USD Total Sundry Items,0.02,,no master match
FND2935,SBS WEALTH AUSTRALASIAN EQUITY PORTFOLIO,Cash Deposit (JPM AUD),0.02,,classified as cash
FND1505,DEVON TRANS-TASMAN FUND,Creditors,-0.02,,no master match
FND768,AMP AUSTRALASIAN SHARES FUND,DOWNER EDI LIMITED,0.02,,no master match
FND768,AMP AUSTRALASIAN SHARES FUND,BANK OF QUEENSLAND,0.02,,no master match
FND768,AMP AUSTRALASIAN SHARES FUND,ANSELL LIMITED,0.02,,no master match
FND768,AMP AUSTRALASIAN SHARES FUND,REGIS RESOURCES LTD,0.02,,no master match
FND768,AMP AUSTRALASIAN SHARES FUND,CHALLENGER LIMITED,0.02,,no master match
FND768,AMP AUSTRALASIAN SHARES FUND,VAULT MINERALS LIMITED ORDINARY FULLY PAID,0.02,,no master match
FND768,AMP AUSTRALASIAN SHARES FUND,WESTGOLD RESOURCES LIMITED,0.02,,no master match
FND768,AMP AUSTRALASIAN SHARES FUND,EAGERS AUTOMOTIVE LIMITED ORDINARY FULLY PAID,0.02,,no master match
FND768,AMP AUSTRALASIAN SHARES FUND,HARVEY NORMAN HOLDINGS LTD,0.02,,no master match
FND768,AMP AUSTRALASIAN SHARES FUND,VENTIA SERVICES GROUP LIMITED,0.02,,no master match
FND768,AMP AUSTRALASIAN SHARES FUND,AMP LIMITED,0.02,,no master match
FND768,AMP AUSTRALASIAN SHARES FUND,TELIX PHARMACEUTICALS LIMITED ORDINARY FULLY PAID DEFERRED,0.02,,no master match
FND768,AMP AUSTRALASIAN SHARES FUND,DRONESHIELD LIMITED,0.02,,no master match
FND768,AMP AUSTRALASIAN SHARES FUND,AUB GROUP LIMITED,0.02,,no master match
FND768,AMP AUSTRALASIAN SHARES FUND,NETWEALTH GROUP LTD,0.02,,no master match
FND768,AMP AUSTRALASIAN SHARES FUND,IGO LIMITED ORDINARY FULLY PAID,0.02,,no master match
FND768,AMP AUSTRALASIAN SHARES FUND,NIB HOLDINGS LTD,0.02,,no master match
FND768,AMP AUSTRALASIAN SHARES FUND,WEST AFRICAN RESOURCES LTD,0.02,,no master match
FND768,AMP AUSTRALASIAN SHARES FUND,LENDLEASE CORPORATION LIMITED,0.02,,no master match
FND768,AMP AUSTRALASIAN SHARES FUND,GOLD ROAD RESOURCES LTD,0.02,,no master match
FND768,AMP AUSTRALASIAN SHARES FUND,CODAN LIMITED,0.02,,no master match
FND768,AMP AUSTRALASIAN SHARES FUND,RELIANCE WORLDWIDE CORPORATION AUST PTY LTD,0.02,,no master match
FND768,AMP AUSTRALASIAN SHARES FUND,PINNACLE INVESTMENT MANAGEMENT GROUP LTD,0.02,,no master match
FND768,AMP AUSTRALASIAN SHARES FUND,ARB CORPORATION LIMITED ORDINARY FULLY PAID,0.02,,no master match
FND1067,FISHER FUNDS TRANS TASMAN EQUITY TRUST,JPM USD Call A/c - Current Accounts,0.02,,classified as cash
FND22677,MINT NEW ZEALAND SRI EQUITY FUND,Creditors,-0.01,,no master match
FND22677,MINT NEW ZEALAND SRI EQUITY FUND,Creditors,-0.01,,no master match
FND22677,MINT NEW ZEALAND SRI EQUITY FUND,Creditors,-0.01,,no master match
FND20455,SALT CORE NZ SHARES FUND,Debtors,0.01,,no master match
FND20455,SALT CORE NZ SHARES FUND,Debtors,0.01,,no master match
FND44367,GENERATE AUSTRALASIAN MANAGED FUND,AUD Total Sundry Items,-0.01,,no master match
FND900,MINT AUSTRALASIAN EQUITY FUND,Creditors,-0.01,,no master match
FND900,MINT AUSTRALASIAN EQUITY FUND,Creditors,-0.01,,no master match
FND900,MINT AUSTRALASIAN EQUITY FUND,Creditors,-0.01,,no master match
FND326,QUAYSTREET NEW ZEALAND EQUITY FUND,AUDNZD FORWARD (ANZNZ),-0.01,,classified as fx
FND768,AMP AUSTRALASIAN SHARES FUND,BREVILLE GROUP LIMITED,0.01,,no master match
FND768,AMP AUSTRALASIAN SHARES FUND,CHARTER HALL LONG WALE REIT STAPLED SECURITIES,0.01,,no master match
FND768,AMP AUSTRALASIAN SHARES FUND,REGION GROUP FULLY PAID UNITS STAPLED SECURITIES,0.01,,no master match
FND768,AMP AUSTRALASIAN SHARES FUND,ILUKA RESOURCES LIMITED,0.01,,no master match
FND768,AMP AUSTRALASIAN SHARES FUND,NATIONAL STORAGE REIT STAPLED SECURITY FULLY PAID,0.01,,no master match
FND768,AMP AUSTRALASIAN SHARES FUND,ORORA LIMITED ORDINARY,0.01,,no master match
FND768,AMP AUSTRALASIAN SHARES FUND,SUPER RETAIL GROUP LIMITED,0.01,,no master match
FND768,AMP AUSTRALASIAN SHARES FUND,REECE LIMITED,0.01,,no master match
FND768,AMP AUSTRALASIAN SHARES FUND,MEGAPORT LIMITED ORDINARY FULLY PAID,0.01,,no master match
FND768,AMP AUSTRALASIAN SHARES FUND,LOVISA HOLDINGS LIMITED ORDINARY FULLY PAID,0.01,,no master match
FND768,AMP AUSTRALASIAN SHARES FUND,HOMECO DAILY NEEDS REIT ORDINARY UNITS FULLY PAID DEFERRED S,0.01,,no master match
FND768,AMP AUSTRALASIAN SHARES FUND,INSIGNIA FINANCIAL LTD,0.01,,no master match
FND768,AMP AUSTRALASIAN SHARES FUND,GENERATION DEVELOPMENT GROUP LIMITED ORDINARY FULLY PAID,0.01,,no master match
FND768,AMP AUSTRALASIAN SHARES FUND,PERENTI LTD,0.01,,no master match
FND768,AMP AUSTRALASIAN SHARES FUND,NEUREN PHARMACEUTICALS LTD,0.01,,no master match
FND768,AMP AUSTRALASIAN SHARES FUND,MESOBLAST LIMITED,0.01,,no master match
FND768,AMP AUSTRALASIAN SHARES FUND,RESOLUTE MINING LIMITED,0.01,,no master match
FND768,AMP AUSTRALASIAN SHARES FUND,SIMS LIMITED ORDINARY FULLY PAID,0.01,,no master match
FND768,AMP AUSTRALASIAN SHARES FUND,IPERIONX LTD,0.01,,no master match
FND768,AMP AUSTRALASIAN SHARES FUND,CHARTER HALL RETAIL-REIT,0.01,,no master match
FND768,AMP AUSTRALASIAN SHARES FUND,INGENIA COMMUNITIES GROUP,0.01,,no master match
FND768,AMP AUSTRALASIAN SHARES FUND,BWP PROPERTY GROUP LTD,0.01,,no master match
FND768,AMP AUSTRALASIAN SHARES FUND,MONADELPHOUS GROUP LIMITED,0.01,,no master match
FND768,AMP AUSTRALASIAN SHARES FUND,CORPORATE TRAVEL MANAGEMENT LIMITED,0.01,,no master match
FND768,AMP AUSTRALASIAN SHARES FUND,PEXA GROUP LTD PLC,0.01,,no master match
FND768,AMP AUSTRALASIAN SHARES FUND,FLIGHT CENTRE TRAVEL GROUP LIMITED,0.01,,no master match
FND768,AMP AUSTRALASIAN SHARES FUND,NRW HOLDINGS LTD,0.01,,no master match
FND768,AMP AUSTRALASIAN SHARES FUND,TEMPLE AND WEBSTER GROUP LTD,0.01,,no master match
FND768,AMP AUSTRALASIAN SHARES FUND,PANTORO GOLD LTD,0.01,,no master match
FND768,AMP AUSTRALASIAN SHARES FUND,PERPETUAL TRUSTEES AUSTRALIA LIMITED,0.01,,no master match
FND768,AMP AUSTRALASIAN SHARES FUND,CATALYST METALS ORD SHS,0.01,,no master match
FND768,AMP AUSTRALASIAN SHARES FUND,TUAS LIMITED ORDINARY FULLY PAID DEFERRED,0.01,,no master match
FND768,AMP AUSTRALASIAN SHARES FUND,CENTURIA INDUSTRIAL REIT ORDINARY UNITS FULLY PAID,0.01,,no master match
FND768,AMP AUSTRALASIAN SHARES FUND,NICK SCALI FURNITURE,0.01,,no master match
FND768,AMP AUSTRALASIAN SHARES FUND,PREMIER INVESTMENTS LIMITED,0.01,,no master match
FND768,AMP AUSTRALASIAN SHARES FUND,LIONTOWN RESOURCES LTD,0.01,,no master match
FND768,AMP AUSTRALASIAN SHARES FUND,CHAMPION IRON LTD,0.01,,no master match
FND768,AMP AUSTRALASIAN SHARES FUND,SOUTHERN CROSS GOLD CONSCDI,0.01,,no master match
FND768,AMP AUSTRALASIAN SHARES FUND,WAYPOINT REIT FULLY PAID ORDINARY UNITS STAPLED SECURITIES,0.01,,no master match
FND768,AMP AUSTRALASIAN SHARES FUND,BELLEVUE GOLD LIMITED ORDINARY FULLY PAID,0.01,,no master match
FND768,AMP AUSTRALASIAN SHARES FUND,IDP EDUCATION LTD,0.01,,no master match
FND768,AMP AUSTRALASIAN SHARES FUND,SITEMINDER LTD,0.01,,no master match
FND768,AMP AUSTRALASIAN SHARES FUND,IRESS LIMITED,0.01,,no master match
FND768,AMP AUSTRALASIAN SHARES FUND,IMDEX LIMITED,0.01,,no master match
FND768,AMP AUSTRALASIAN SHARES FUND,MAGELLAN FINANCIAL GROUP LIMITED,0.01,,no master match
FND768,AMP AUSTRALASIAN SHARES FUND,DETERRA ROYALTIES LIMITED ORDINARY FULLY PAID DEFERRED SETTL,0.01,,no master match
FND768,AMP AUSTRALASIAN SHARES FUND,SUPERLOOP LIMITED ORDINARY FULLY PAID,0.01,,no master match
FND768,AMP AUSTRALASIAN SHARES FUND,HELIA GROUP LIMITED ORDINARY FULLY PAID,0.01,,no master match
FND768,AMP AUSTRALASIAN SHARES FUND,CENTURIA CAPITAL LTD,0.01,,no master match
FND768,AMP AUSTRALASIAN SHARES FUND,CATAPULT SPORTS LTD,0.01,,no master match
FND768,AMP AUSTRALASIAN SHARES FUND,Futures Margin - AUD,0.01,,no master match
FND768,AMP AUSTRALASIAN SHARES FUND,ARENA REIT ORDINARY UNITS FULLY PAID,0.01,,no master match
FND768,AMP AUSTRALASIAN SHARES FUND,NINE ENTERTAINMENT CO HOLDINGS PTY LIMITED,0.01,,no master match
FND768,AMP AUSTRALASIAN SHARES FUND,ORA BANDA MINING LTD ORDINARY FULLY PAID,0.01,,no master match
FND768,AMP AUSTRALASIAN SHARES FUND,BEGA CHEESE LIMITED,0.01,,no master match
FND768,AMP AUSTRALASIAN SHARES FUND,ELDERS LIMITED,0.01,,no master match
FND768,AMP AUSTRALASIAN SHARES FUND,SILEX SYSTEMS LTD,0.01,,no master match
FND768,AMP AUSTRALASIAN SHARES FUND,JUDO CAPITAL HOLDINGS LTD,0.01,,no master match
FND768,AMP AUSTRALASIAN SHARES FUND,DATA3 LIMITED,0.01,,no master match
FND768,AMP AUSTRALASIAN SHARES FUND,NICKEL INDUSTRIES LIMITED,0.01,,no master match
FND768,AMP AUSTRALASIAN SHARES FUND,AUSSIE BROADBAND LIMITED ORDINARY FULLY PAID,0.01,,no master match
FND768,AMP AUSTRALASIAN SHARES FUND,WEB TRAVEL GROUP LIMITED ORDINARY FULLY PAID,0.01,,no master match
FND768,AMP AUSTRALASIAN SHARES FUND,EVT LTD,0.01,,no master match
FND768,AMP AUSTRALASIAN SHARES FUND,COLLINS FOODS LIMITED,0.01,,no master match
FND768,AMP AUSTRALASIAN SHARES FUND,AMOTIV LIMITED ORDINARY FULLY PAID,0.01,,no master match
FND768,AMP AUSTRALASIAN SHARES FUND,GUZMAN Y GOMEZ ORD SHS,0.01,,no master match
FND768,AMP AUSTRALASIAN SHARES FUND,CHARTER HALL SOCIAL INFRASTRUCTURE REIT UNITS FULLY PAID,0.01,,no master match
FND768,AMP AUSTRALASIAN SHARES FUND,DIGICO INFRASTRUCTURE REIT FULLY PAID ORD UNITS STAPLED SEC,0.01,,no master match
FND768,AMP AUSTRALASIAN SHARES FUND,DEVELOP GLOBAL LTD,0.01,,no master match
FND768,AMP AUSTRALASIAN SHARES FUND,SMARTGROUP CORPORATION LTD ORDINARY FULLY PAID,0.01,,no master match
FND768,AMP AUSTRALASIAN SHARES FUND,MAC COPPER LTD,0.01,,no master match
FND768,AMP AUSTRALASIAN SHARES FUND,HANSEN TECHNOLOGIES LIMITED,0.01,,no master match
FND768,AMP AUSTRALASIAN SHARES FUND,SRG GLOBAL LIMITED ORDINARY FULLY PAID,0.01,,no master match
FND768,AMP AUSTRALASIAN SHARES FUND,OPTHEA LIMITED ORDINARY FULLY PAID,0.01,,no master match
FND768,AMP AUSTRALASIAN SHARES FUND,CREDIT CORP GROUP LIMITED,0.01,,no master match
FND768,AMP AUSTRALASIAN SHARES FUND,MCMILLAN SHAKESPEARE LIMITED,0.01,,no master match
FND768,AMP AUSTRALASIAN SHARES FUND,Accruals,-0.01,,no master match
FND1067,FISHER FUNDS TRANS TASMAN EQUITY TRUST,JPMorgan AUD Fishers - Nett Settlement,-0.01,,classified as settlement
FND22677,MINT NEW ZEALAND SRI EQUITY FUND,Creditors,0.0,,no master match
FND22677,MINT NEW ZEALAND SRI EQUITY FUND,Fee Pay Receive 2025-09-30,0.0,,no master match
FND22677,MINT NEW ZEALAND SRI EQUITY FUND,Creditors,0.0,,no master match
FND22677,MINT NEW ZEALAND SRI EQUITY FUND,Debtors,0.0,,no master match
FND22677,MINT NEW ZEALAND SRI EQUITY FUND,Debtors,0.0,,no master match
FND2208,NEW ZEALAND SHARE FUND,Dunedin City Trsy 15/4/26 3.98,0.0,,no master match
FND2208,NEW ZEALAND SHARE FUND,Resimac Versailles Trust Series 2023-1,0.0,,no master match
FND901,CLARITY TRANS-TASMAN VALUE FUND,Debtors,0.0,,no master match
FND901,CLARITY TRANS-TASMAN VALUE FUND,Debtors,0.0,,no master match
FND901,CLARITY TRANS-TASMAN VALUE FUND,Creditors,0.0,,no master match
FND901,CLARITY TRANS-TASMAN VALUE FUND,Fee Pay Receive 2025-09-30,0.0,,no master match
FND16067,CLARITY NEW ZEALAND EQUITY FUND,Debtors,0.0,,no master match
FND16067,CLARITY NEW ZEALAND EQUITY FUND,Creditors,0.0,,no master match
FND16067,CLARITY NEW ZEALAND EQUITY FUND,Fee Pay Receive 2025-09-30,0.0,,no master match
FND1421,HARBOUR AUSTRALASIAN EQUITY FUND,Imugene Limited Option 30/03/2026,0.0,,no master match
FND1421,HARBOUR AUSTRALASIAN EQUITY FUND,Opthea Limited Option 30/06/2026,0.0,,no master match
FND1421,HARBOUR AUSTRALASIAN EQUITY FUND,Opthea,0.0,,no master match
FND1240,FISHER FUNDS PREMIUM NEW ZEALAND FUND,JPMorgan AUD Fishers - Current Accounts,0.0,,classified as cash
FND806,NEW ZEALAND EQUITIES FUND (OCTAGON),New Zealand Rural Land Company - Warrant,0.0,,no master match
FND806,NEW ZEALAND EQUITIES FUND (OCTAGON),JP Morgan Chase & Co. AUD Cash Deposit,0.0,,no master match
FND900,MINT AUSTRALASIAN EQUITY FUND,Jarden USD Margin A/c,0.0,,classified as cash
FND900,MINT AUSTRALASIAN EQUITY FUND,Fee Pay Receive 2025-09-30,0.0,,no master match
FND900,MINT AUSTRALASIAN EQUITY FUND,Creditors,0.0,,no master match
FND900,MINT AUSTRALASIAN EQUITY FUND,Creditors,0.0,,no master match
FND900,MINT AUSTRALASIAN EQUITY FUND,Creditors,0.0,,no master match
FND900,MINT AUSTRALASIAN EQUITY FUND,Creditors,0.0,,no master match
FND900,MINT AUSTRALASIAN EQUITY FUND,Debtors,0.0,,no master match
FND900,MINT AUSTRALASIAN EQUITY FUND,Debtors,0.0,,no master match
FND900,MINT AUSTRALASIAN EQUITY FUND,Jarden AUD Margin A/c,0.0,,classified as cash
FND45300,NZ COMPANIES FUND,New Zealand Rural Land Company - Warrant,0.0,,no master match
FND45300,NZ COMPANIES FUND,JP Morgan Chase & Co. AUD Cash Deposit,0.0,,no master match
FND1425,HARBOUR AUSTRALASIAN EQUITY FOCUS FUND,Opthea Limited Option 30/06/2026,0.0,,no master match
FND1425,HARBOUR AUSTRALASIAN EQUITY FOCUS FUND,Opthea,0.0,,no master match
FND1505,DEVON TRANS-TASMAN FUND,Debtors,0.0,,no master match
FND1505,DEVON TRANS-TASMAN FUND,Fee Pay Receive 2025-09-30,0.0,,no master match
FND1208,FISHER FUNDS NEW ZEALAND GROWTH FUND,JPMorgan AUD Fishers - Current Accounts,0.0,,classified as cash
FND768,AMP AUSTRALASIAN SHARES FUND,DICKER DATA LTD,0.0,,no master match
FND768,AMP AUSTRALASIAN SHARES FUND,BAPCOR LIMITED ORDINARY FULLY PAID,0.0,,no master match
FND768,AMP AUSTRALASIAN SHARES FUND,KELSIAN GROUP LTD,0.0,,no master match
FND768,AMP AUSTRALASIAN SHARES FUND,DOMINOS PIZZA ENTERPRISES LTD,0.0,,no master match
FND768,AMP AUSTRALASIAN SHARES FUND,ASPEN GROUP - STAPLED SECURITIES,0.0,,no master match
FND768,AMP AUSTRALASIAN SHARES FUND,MA FINANCIAL GROUP LTD ORD FULLY PAID,0.0,,no master match
FND768,AMP AUSTRALASIAN SHARES FUND,NAVIGATOR GLOBAL INVESTMENTS LIMITED ORDINARY FULLY PAID,0.0,,no master match
FND768,AMP AUSTRALASIAN SHARES FUND,INGHAMS GROUP LIMITED,0.0,,no master match
FND768,AMP AUSTRALASIAN SHARES FUND,POLYNOVO LIMITED,0.0,,no master match
FND768,AMP AUSTRALASIAN SHARES FUND,HMC CAPITAL LTD,0.0,,no master match
FND768,AMP AUSTRALASIAN SHARES FUND,RPM GLOBAL HOLDINGS LIMITED,0.0,,no master match
FND768,AMP AUSTRALASIAN SHARES FUND,RIDLEY CORPORATION LIMITED,0.0,,no master match
FND768,AMP AUSTRALASIAN SHARES FUND,RICEGROWERS LIMITED,0.0,,no master match
FND768,AMP AUSTRALASIAN SHARES FUND,JOHNS LYNG GROUP LIMITED ORDINARY FULLY PAID,0.0,,no master match
FND768,AMP AUSTRALASIAN SHARES FUND,VULCAN ENERGY RESOURCES LIMITED ORDINARY FULLY PAID,0.0,,no master match
FND768,AMP AUSTRALASIAN SHARES FUND,FIREFLY METALS LTD ORDINARY FULLY PAID,0.0,,no master match
FND768,AMP AUSTRALASIAN SHARES FUND,INTEGRAL DIAGNOSTICS LTD,0.0,,no master match
FND768,AMP AUSTRALASIAN SHARES FUND,CLARITY PHARMACEUTICALS LTD ORDINARY FULLY PAID,0.0,,no master match
FND768,AMP AUSTRALASIAN SHARES FUND,IPH LIMITED ORDINARY FULLY PAID,0.0,,no master match
FND768,AMP AUSTRALASIAN SHARES FUND,CHALICE MINING LIMITED,0.0,,no master match
FND768,AMP AUSTRALASIAN SHARES FUND,KINGSGATE CONSOLIDATED NL FPO 25C,0.0,,no master match
FND768,AMP AUSTRALASIAN SHARES FUND,BLACK CAT SYNDICATE LIMITED ORDINARY FULLY PAID,0.0,,no master match
FND768,AMP AUSTRALASIAN SHARES FUND,ALPHA HPA LIMITED,0.0,,no master match
FND768,AMP AUSTRALASIAN SHARES FUND,WA1 RESOURCES ORD SHS,0.0,,no master match
FND768,AMP AUSTRALASIAN SHARES FUND,COBRAM ESTATE OLIVES LIMITED,0.0,,no master match
FND768,AMP AUSTRALASIAN SHARES FUND,CROMWELL PROPERTY GROUP,0.0,,no master match
FND768,AMP AUSTRALASIAN SHARES FUND,RURAL FUNDS GROUP,0.0,,no master match
FND768,AMP AUSTRALASIAN SHARES FUND,PREDICTIVE DISCOVERY LIMITED,0.0,,no master match
FND768,AMP AUSTRALASIAN SHARES FUND,BCI MINERALS LIMITED ORDINARY FULLY PAID,0.0,,no master match
FND768,AMP AUSTRALASIAN SHARES FUND,NUFARM LIMITED,0.0,,no master match
FND768,AMP AUSTRALASIAN SHARES FUND,OOHIMEDIA LIMITED,0.0,,no master match
FND768,AMP AUSTRALASIAN SHARES FUND,BRAVURA SOLUTIONS LIMITED ORDINARY FULLY PAID,0.0,,no master match
FND768,AMP AUSTRALASIAN SHARES FUND,DEXUS INDUSTRIA REIT ORD UNITS STAP SECURITIES,0.0,,no master match
FND768,AMP AUSTRALASIAN SHARES FUND,QORIA LIMITED,0.0,,no master match
FND768,AMP AUSTRALASIAN SHARES FUND,MAAS GROUP HOLDINGS LIMITED ORDINARY FULLY PAID,0.0,,no master match
FND768,AMP AUSTRALASIAN SHARES FUND,SUPPLY NETWORK ORD SHS,0.0,,no master match
FND768,AMP AUSTRALASIAN SHARES FUND,PWR HOLDINGS LIMITED ORDINARY FULLY PAID,0.0,,no master match
FND768,AMP AUSTRALASIAN SHARES FUND,GROWTHPOINT PROPERTIES AUSTRALIA,0.0,,no master match
FND768,AMP AUSTRALASIAN SHARES FUND,MYSTATE LTD,0.0,,no master match
FND768,AMP AUSTRALASIAN SHARES FUND,ABACUS STORAGE KING STAPLED UNT D,0.0,,no master match
FND768,AMP AUSTRALASIAN SHARES FUND,AUSTRALIAN ETHICAL INVESTMENT LTD,0.0,,no master match
FND768,AMP AUSTRALASIAN SHARES FUND,FLEETPARTNERS GROUP LIMITED ORDINARY FULLY PAID,0.0,,no master match
FND768,AMP AUSTRALASIAN SHARES FUND,OBJECTIVE CORPORATION LTD,0.0,,no master match
FND768,AMP AUSTRALASIAN SHARES FUND,NUIX LIMITED,0.0,,no master match
FND768,AMP AUSTRALASIAN SHARES FUND,METALS X LTD,0.0,,no master match
FND768,AMP AUSTRALASIAN SHARES FUND,EQT HOLDINGS LIMITED,0.0,,no master match
FND768,AMP AUSTRALASIAN SHARES FUND,MYER HOLDINGS LTD,0.0,,no master match
FND768,AMP AUSTRALASIAN SHARES FUND,SELECT HARVESTS LIMITED,0.0,,no master match
FND768,AMP AUSTRALASIAN SHARES FUND,WEEBIT NANO LTD,0.0,,no master match
FND768,AMP AUSTRALASIAN SHARES FUND,PEET LTD,0.0,,no master match
FND768,AMP AUSTRALASIAN SHARES FUND,INFOMEDIA LIMITED,0.0,,no master match
FND768,AMP AUSTRALASIAN SHARES FUND,JUMBO INTERACTIVE LIMITED,0.0,,no master match
FND768,AMP AUSTRALASIAN SHARES FUND,G8 EDUCATION ORD,0.0,,no master match
FND768,AMP AUSTRALASIAN SHARES FUND,ACCENT GROUP LIMITED,0.0,,no master match
FND768,AMP AUSTRALASIAN SHARES FUND,OMNI BRIDGEWAY LIMITED ORDINARY FULLY PAID,0.0,,no master match
FND768,AMP AUSTRALASIAN SHARES FUND,TYRO PAYMENTS LTD,0.0,,no master match
FND768,AMP AUSTRALASIAN SHARES FUND,HEALIUS LTD ORDINARY FULLY PAID,0.0,,no master match
FND768,AMP AUSTRALASIAN SHARES FUND,CEDAR WOODS PROPERTIES LTD,0.0,,no master match
FND768,AMP AUSTRALASIAN SHARES FUND,UNIVERSAL STORE HOLDINGS LIMITED ORD FULLY PAID DEF SETT,0.0,,no master match
FND768,AMP AUSTRALASIAN SHARES FUND,LIFESTYLE COMMUNITIES LIMITED ORDINARY FULLY PAID,0.0,,no master match
FND768,AMP AUSTRALASIAN SHARES FUND,GWA GROUP LIMITED,0.0,,no master match
FND768,AMP AUSTRALASIAN SHARES FUND,CHRYSOS CORPORATION LIMITED ORDINARY FULLY PAID,0.0,,no master match
FND768,AMP AUSTRALASIAN SHARES FUND,ABACUS GROUP FULLY PAID ORDINARY/UNITS STAPLED SECURITIES,0.0,,no master match
FND768,AMP AUSTRALASIAN SHARES FUND,AUSTRALIAN FINANCE GROUP LTD ORDINARY FULLY PAID DEFERRED SE,0.0,,no master match
FND768,AMP AUSTRALASIAN SHARES FUND,SOUTHERN CROSS ELECTRICAL ENGINEERING LI,0.0,,no master match
FND768,AMP AUSTRALASIAN SHARES FUND,CLINUVEL PHARMACEUTICALS LTD,0.0,,no master match
FND768,AMP AUSTRALASIAN SHARES FUND,VULCAN STEEL LIMITED ORDINARY FULLY PAID DEFERRED SETTLEMENT,0.0,,classified as settlement
FND768,AMP AUSTRALASIAN SHARES FUND,AUSTRALIAN CLINICAL LABS LTD ORD FULLY PAID DEFERRED SETMNT,0.0,,no master match
FND768,AMP AUSTRALASIAN SHARES FUND,PROPEL FUNERAL PARTNERS LIMITED ORDINARY FULLY PAID,0.0,,no master match
FND768,AMP AUSTRALASIAN SHARES FUND,ARAFURA RARE EARTHS LIMITED,0.0,,no master match
FND768,AMP AUSTRALASIAN SHARES FUND,MACMAHON HOLDINGS,0.0,,no master match
FND768,AMP AUSTRALASIAN SHARES FUND,TASMEA LIMITED ORDINARY FULLY PAID,0.0,,no master match
FND768,AMP AUSTRALASIAN SHARES FUND,CENTURIA OFFICE REIT ORDINARY UNITS FULLY PAID,0.0,,no master match
FND768,AMP AUSTRALASIAN SHARES FUND,QUALITAS LIMITED,0.0,,no master match
FND768,AMP AUSTRALASIAN SHARES FUND,LEO LITHIUM LIMITED ORDINARY FULLY PAID,0.0,,no master match
FND768,AMP AUSTRALASIAN SHARES FUND,IMMUTEP LTD,0.0,,no master match
FND768,AMP AUSTRALASIAN SHARES FUND,MADER GROUP LIMITED ORDINARY FULLY PAID,0.0,,no master match
FND768,AMP AUSTRALASIAN SHARES FUND,ADAIRS LIMITED ORDINARY FULLY PAID,0.0,,no master match
FND768,AMP AUSTRALASIAN SHARES FUND,REGAL PARTNERS LTD,0.0,,no master match
FND768,AMP AUSTRALASIAN SHARES FUND,FIREFINCH LIMITED ORDINARY FULLY PAID,0.0,,no master match
FND768,AMP AUSTRALASIAN SHARES FUND,PYC THERAPEUTICS ORD SHS,0.0,,no master match
FND768,AMP AUSTRALASIAN SHARES FUND,MAYNE PHARMA GROUP LIMITED ORDINARY FULLY PAID,0.0,,no master match
FND768,AMP AUSTRALASIAN SHARES FUND,PRAEMIUM LTD,0.0,,no master match
FND768,AMP AUSTRALASIAN SHARES FUND,AUDINATE GROUP LTD,0.0,,no master match
FND768,AMP AUSTRALASIAN SHARES FUND,DEXUS CONVENIENCE RETAIL REIT FULLY PAID UNITS STAPLED SECUR,0.0,,no master match
FND768,AMP AUSTRALASIAN SHARES FUND,BRAINCHIP HOLDINGS LTD,0.0,,no master match
FND768,AMP AUSTRALASIAN SHARES FUND,LYCOPODIUM LTD,0.0,,no master match
FND768,AMP AUSTRALASIAN SHARES FUND,GDI PROPERTY GROUP STAPLED SECURITIES FULLY PAID,0.0,,no master match
FND768,AMP AUSTRALASIAN SHARES FUND,WEBJET GROUP LTD,0.0,,no master match
FND768,AMP AUSTRALASIAN SHARES FUND,SYRAH RESOURCES LIMITED ORDINARY FULLY PAID,0.0,,no master match
FND768,AMP AUSTRALASIAN SHARES FUND,BOTANIX PHARMACEUTICALS LTD ORDINARY FULLY PAID,0.0,,no master match
FND768,AMP AUSTRALASIAN SHARES FUND,NOVONIX LTD,0.0,,no master match
FND768,AMP AUSTRALASIAN SHARES FUND,KOGAN COM LTD ORDINARY FULLY PAID,0.0,,no master match
FND768,AMP AUSTRALASIAN SHARES FUND,MONASH IVF GROUP LIMITED ORDINARY FULLY PAID,0.0,,no master match
FND768,AMP AUSTRALASIAN SHARES FUND,PLATINUM ASSET MANAGEMENT LTD,0.0,,no master match
FND768,AMP AUSTRALASIAN SHARES FUND,THE STAR ENTERTAINMENT GROUP LIMITED,0.0,,no master match
FND768,AMP AUSTRALASIAN SHARES FUND,BNP USD Account,0.0,,no master match
FND768,AMP AUSTRALASIAN SHARES FUND,ESG MINERALS TEMP,0.0,,no master match
FND768,AMP AUSTRALASIAN SHARES FUND,Takeon NZD,0.0,,no master match
FND768,AMP AUSTRALASIAN SHARES FUND,EFFECT EXPOSURE AUD,0.0,,no master match
FND768,AMP AUSTRALASIAN SHARES FUND,SPI 200 2512 FUT,0.0,,no master match
FND1067,FISHER FUNDS TRANS TASMAN EQUITY TRUST,Pike River Coal Limited,0.0,,no master match
